date,city,mean_t,rh,rainfall
2020-01-01,Ukunda,29.4,81.2,
2020-01-01,Kisumu,26.4,51.7,0.0
2020-01-02,Ukunda,29.2,80.5,
2020-01-02,Kisumu,25.9,54.4,0.0
2020-01-03,Ukunda,29.3,82.3,
2020-01-03,Kisumu,27.3,58.4,3.3
2020-01-04,Ukunda,29.6,80.1,
2020-01-04,Kisumu,26.0,54.2,0.0
2020-01-05,Ukunda,29.6,78.8,
2020-01-05,Kisumu,25.9,60.2,0.0
2020-01-06,Ukunda,29.9,77.7,
2020-01-06,Kisumu,23.5,75.6,71.1
2020-01-07,Ukunda,30.1,79.9,
2020-01-07,Kisumu,24.8,70.8,0.3
2020-01-08,Ukunda,30.0,77.1,
2020-01-08,Kisumu,25.8,65.3,0.0
2020-01-09,Ukunda,29.9,77.7,
2020-01-09,Kisumu,25.1,64.1,0.0
2020-01-10,Ukunda,29.9,78.1,
2020-01-10,Kisumu,25.2,66.9,0.0
2020-01-11,Ukunda,30.0,79.3,
2020-01-11,Kisumu,25.7,66.8,0.0
2020-01-12,Ukunda,30.0,77.2,
2020-01-12,Kisumu,23.2,73.1,2.3
2020-01-13,Ukunda,27.2,85.9,
2020-01-13,Kisumu,23.6,74.2,11.4
2020-01-14,Ukunda,28.6,78.2,
2020-01-14,Kisumu,23.7,75.1,4.1
2020-01-15,Ukunda,29.7,83.0,
2020-01-15,Kisumu,25.4,63.4,0.0
2020-01-16,Ukunda,27.4,85.4,
2020-01-16,Kisumu,25.6,62.7,0.0
2020-01-17,Ukunda,27.8,80.3,
2020-01-17,Kisumu,26.4,64.4,0.0
2020-01-18,Ukunda,28.1,80.8,
2020-01-18,Kisumu,26.0,65.0,0.0
2020-01-19,Ukunda,28.7,79.6,
2020-01-19,Kisumu,26.3,65.9,0.0
2020-01-20,Ukunda,29.1,79.3,
2020-01-20,Kisumu,26.2,64.7,0.0
2020-01-21,Ukunda,28.8,79.2,
2020-01-21,Kisumu,26.0,58.5,0.0
2020-01-22,Ukunda,28.4,78.8,
2020-01-22,Kisumu,26.3,62.1,0.0
2020-01-23,Ukunda,28.6,79.0,
2020-01-23,Kisumu,26.4,59.4,0.0
2020-01-24,Ukunda,29.1,80.6,
2020-01-24,Kisumu,25.0,62.9,0.0
2020-01-25,Ukunda,29.0,79.9,
2020-01-25,Kisumu,25.6,64.5,1.5
2020-01-26,Ukunda,28.7,82.0,
2020-01-26,Kisumu,24.9,73.6,0.3
2020-01-27,Ukunda,29.0,83.7,
2020-01-27,Kisumu,25.3,73.8,6.6
2020-01-28,Ukunda,28.7,82.8,
2020-01-28,Kisumu,23.4,77.8,7.9
2020-01-29,Ukunda,29.2,81.5,
2020-01-29,Kisumu,23.2,78.4,15.0
2020-01-30,Ukunda,28.8,79.7,
2020-01-30,Kisumu,23.3,76.9,16.0
2020-01-31,Ukunda,28.2,80.9,
2020-01-31,Kisumu,23.5,80.1,8.9
2020-02-01,Ukunda,28.3,83.6,
2020-02-01,Kisumu,22.8,78.7,4.1
2020-02-02,Ukunda,28.2,83.4,
2020-02-02,Kisumu,24.9,66.6,0.0
2020-02-03,Ukunda,28.8,81.8,
2020-02-03,Kisumu,23.0,75.7,0.0
2020-02-04,Ukunda,29.3,82.5,
2020-02-04,Kisumu,23.4,70.6,0.0
2020-02-05,Ukunda,28.8,81.0,
2020-02-05,Kisumu,25.0,67.1,0.0
2020-02-06,Ukunda,28.9,78.8,
2020-02-06,Kisumu,25.0,71.3,19.8
2020-02-07,Ukunda,28.8,79.7,
2020-02-07,Kisumu,25.7,64.0,0.0
2020-02-08,Ukunda,29.0,79.7,
2020-02-08,Kisumu,26.5,52.6,0.0
2020-02-09,Ukunda,28.7,79.3,
2020-02-09,Kisumu,25.9,50.7,0.0
2020-02-10,Ukunda,28.9,79.6,
2020-02-10,Kisumu,25.9,48.9,0.0
2020-02-11,Ukunda,29.2,81.9,
2020-02-11,Kisumu,26.6,51.1,0.0
2020-02-12,Ukunda,29.7,82.8,
2020-02-12,Kisumu,27.1,52.2,0.0
2020-02-13,Ukunda,29.4,81.6,
2020-02-13,Kisumu,25.9,67.4,6.9
2020-02-14,Ukunda,29.2,81.1,
2020-02-14,Kisumu,26.6,65.4,1.5
2020-02-15,Ukunda,29.2,78.8,
2020-02-15,Kisumu,26.7,55.9,0.0
2020-02-16,Ukunda,29.5,76.9,
2020-02-16,Kisumu,26.4,54.4,0.0
2020-02-17,Ukunda,29.5,80.2,
2020-02-17,Kisumu,27.1,57.3,0.0
2020-02-18,Ukunda,29.7,78.0,
2020-02-18,Kisumu,27.5,58.5,0.0
2020-02-19,Ukunda,29.6,78.0,
2020-02-19,Kisumu,27.0,62.2,3.0
2020-02-20,Ukunda,30.2,78.1,
2020-02-20,Kisumu,26.7,62.3,1.5
2020-02-21,Ukunda,30.2,78.2,
2020-02-21,Kisumu,27.2,63.5,1.3
2020-02-22,Ukunda,29.8,77.6,
2020-02-22,Kisumu,27.3,64.5,0.0
2020-02-23,Ukunda,29.4,79.8,
2020-02-23,Kisumu,28.1,56.6,0.0
2020-02-24,Ukunda,29.7,77.7,
2020-02-24,Kisumu,28.6,45.9,0.0
2020-02-25,Ukunda,30.0,78.8,
2020-02-25,Kisumu,27.0,56.1,0.8
2020-02-26,Ukunda,30.3,75.6,
2020-02-26,Kisumu,26.5,65.4,3.3
2020-02-27,Ukunda,30.5,76.3,
2020-02-27,Kisumu,25.6,66.6,0.3
2020-02-28,Ukunda,30.5,74.8,
2020-02-28,Kisumu,25.8,67.2,0.3
2020-02-29,Ukunda,30.5,76.9,
2020-02-29,Kisumu,26.3,64.2,0.0
2020-03-01,Ukunda,29.9,77.1,
2020-03-01,Kisumu,25.6,69.7,2.5
2020-03-02,Ukunda,25.9,89.0,
2020-03-02,Kisumu,24.1,72.9,3.0
2020-03-03,Ukunda,30.3,78.8,
2020-03-03,Kisumu,20.8,81.6,17.0
2020-03-04,Ukunda,28.1,80.2,
2020-03-04,Kisumu,23.5,74.2,0.5
2020-03-05,Ukunda,28.8,79.2,
2020-03-05,Kisumu,24.9,63.8,0.0
2020-03-06,Ukunda,30.2,79.2,
2020-03-06,Kisumu,25.6,62.2,0.0
2020-03-07,Ukunda,30.1,75.5,
2020-03-07,Kisumu,26.2,60.1,11.2
2020-03-08,Ukunda,30.5,76.9,
2020-03-08,Kisumu,25.4,66.2,2.5
2020-03-09,Ukunda,30.5,79.2,
2020-03-09,Kisumu,23.6,77.3,13.2
2020-03-10,Ukunda,29.4,80.7,
2020-03-10,Kisumu,24.2,72.1,0.0
2020-03-11,Ukunda,29.6,84.2,
2020-03-11,Kisumu,25.8,69.4,9.9
2020-03-12,Ukunda,30.2,77.5,
2020-03-12,Kisumu,24.4,76.1,2.3
2020-03-13,Ukunda,30.0,78.5,
2020-03-13,Kisumu,23.7,78.5,107.7
2020-03-14,Ukunda,28.9,84.5,
2020-03-14,Kisumu,24.0,76.5,0.0
2020-03-15,Ukunda,30.3,81.6,
2020-03-15,Kisumu,25.9,70.4,0.0
2020-03-16,Ukunda,30.3,80.9,
2020-03-16,Kisumu,24.4,76.7,12.4
2020-03-17,Ukunda,27.2,81.8,
2020-03-17,Kisumu,24.4,74.7,0.0
2020-03-18,Ukunda,29.5,79.6,
2020-03-18,Kisumu,23.8,73.9,14.7
2020-03-19,Ukunda,29.6,79.4,
2020-03-19,Kisumu,24.0,75.4,3.0
2020-03-20,Ukunda,29.7,78.2,
2020-03-20,Kisumu,24.4,72.6,7.1
2020-03-21,Ukunda,29.1,79.1,
2020-03-21,Kisumu,24.9,70.2,0.0
2020-03-22,Ukunda,29.8,75.7,
2020-03-22,Kisumu,25.2,63.5,15.0
2020-03-23,Ukunda,29.4,76.1,
2020-03-23,Kisumu,23.8,73.6,5.8
2020-03-24,Ukunda,29.1,75.9,
2020-03-24,Kisumu,24.4,74.9,0.8
2020-03-25,Ukunda,29.1,75.8,
2020-03-25,Kisumu,22.9,79.7,24.1
2020-03-26,Ukunda,29.5,75.4,
2020-03-26,Kisumu,23.4,77.4,13.5
2020-03-27,Ukunda,27.7,85.3,
2020-03-27,Kisumu,24.0,72.6,37.6
2020-03-28,Ukunda,29.0,81.0,
2020-03-28,Kisumu,22.4,81.6,24.1
2020-03-29,Ukunda,30.0,74.3,
2020-03-29,Kisumu,22.7,78.8,8.4
2020-03-30,Ukunda,30.1,76.4,
2020-03-30,Kisumu,23.9,72.3,0.0
2020-03-31,Ukunda,30.0,79.0,
2020-03-31,Kisumu,24.7,71.8,0.0
2020-04-01,Ukunda,30.3,78.8,
2020-04-01,Kisumu,25.1,70.4,0.0
2020-04-02,Ukunda,29.4,79.0,
2020-04-02,Kisumu,25.3,66.0,0.0
2020-04-03,Ukunda,28.0,81.5,
2020-04-03,Kisumu,26.1,64.7,0.0
2020-04-04,Ukunda,28.6,78.8,
2020-04-04,Kisumu,26.0,65.4,0.0
2020-04-05,Ukunda,28.9,82.0,
2020-04-05,Kisumu,26.0,64.5,0.0
2020-04-06,Ukunda,29.8,77.2,
2020-04-06,Kisumu,25.1,67.7,4.8
2020-04-07,Ukunda,29.3,80.1,
2020-04-07,Kisumu,25.6,65.3,3.0
2020-04-08,Ukunda,29.5,83.8,
2020-04-08,Kisumu,26.3,62.3,0.0
2020-04-09,Ukunda,28.8,80.3,
2020-04-09,Kisumu,26.2,59.9,0.0
2020-04-10,Ukunda,26.8,91.1,
2020-04-10,Kisumu,26.5,57.0,0.0
2020-04-11,Ukunda,25.4,91.1,
2020-04-11,Kisumu,26.0,63.6,10.7
2020-04-12,Ukunda,25.5,92.8,
2020-04-12,Kisumu,23.6,79.5,29.0
2020-04-13,Ukunda,28.0,83.5,
2020-04-13,Kisumu,22.8,85.7,26.7
2020-04-14,Ukunda,29.0,81.1,
2020-04-14,Kisumu,22.6,84.5,12.4
2020-04-15,Ukunda,28.6,80.5,
2020-04-15,Kisumu,23.8,75.3,1.5
2020-04-16,Ukunda,27.5,81.0,
2020-04-16,Kisumu,24.6,72.4,7.6
2020-04-17,Ukunda,27.7,78.8,
2020-04-17,Kisumu,24.1,77.3,9.4
2020-04-18,Ukunda,25.7,86.2,
2020-04-18,Kisumu,22.3,80.2,54.4
2020-04-19,Ukunda,25.2,93.7,
2020-04-19,Kisumu,23.0,79.6,15.7
2020-04-20,Ukunda,27.7,84.1,
2020-04-20,Kisumu,22.1,83.4,25.1
2020-04-21,Ukunda,28.7,80.1,
2020-04-21,Kisumu,23.1,79.1,0.3
2020-04-22,Ukunda,27.9,81.0,
2020-04-22,Kisumu,23.2,81.1,20.1
2020-04-23,Ukunda,25.2,91.2,
2020-04-23,Kisumu,21.5,85.5,20.1
2020-04-24,Ukunda,28.1,78.5,
2020-04-24,Kisumu,23.4,78.3,45.7
2020-04-25,Ukunda,26.5,89.5,
2020-04-25,Kisumu,23.4,80.3,2.5
2020-04-26,Ukunda,28.5,79.6,
2020-04-26,Kisumu,23.1,78.1,1.5
2020-04-27,Ukunda,26.4,83.9,
2020-04-27,Kisumu,23.3,77.8,0.3
2020-04-28,Ukunda,25.6,92.2,
2020-04-28,Kisumu,23.4,77.1,3.8
2020-04-29,Ukunda,26.0,89.6,
2020-04-29,Kisumu,23.2,79.7,27.7
2020-04-30,Ukunda,27.2,81.1,
2020-04-30,Kisumu,23.3,77.1,9.7
2020-05-01,Ukunda,26.0,88.0,
2020-05-01,Kisumu,23.9,74.2,5.1
2020-05-02,Ukunda,26.2,86.5,
2020-05-02,Kisumu,23.2,78.0,2.0
2020-05-03,Ukunda,27.6,82.3,
2020-05-03,Kisumu,23.2,78.2,2.3
2020-05-04,Ukunda,26.7,87.8,
2020-05-04,Kisumu,23.6,74.7,0.0
2020-05-05,Ukunda,26.2,86.2,
2020-05-05,Kisumu,23.9,73.5,0.0
2020-05-06,Ukunda,25.2,91.8,
2020-05-06,Kisumu,23.3,80.1,5.6
2020-05-07,Ukunda,24.8,90.5,
2020-05-07,Kisumu,23.8,74.6,0.0
2020-05-08,Ukunda,24.9,95.8,
2020-05-08,Kisumu,24.1,77.1,0.8
2020-05-09,Ukunda,26.8,84.3,
2020-05-09,Kisumu,24.1,76.1,2.0
2020-05-10,Ukunda,25.5,83.9,
2020-05-10,Kisumu,23.6,78.3,6.1
2020-05-11,Ukunda,25.8,88.9,
2020-05-11,Kisumu,23.8,78.9,4.8
2020-05-12,Ukunda,26.6,85.5,
2020-05-12,Kisumu,23.6,77.6,0.5
2020-05-13,Ukunda,27.6,85.0,
2020-05-13,Kisumu,24.3,73.8,0.0
2020-05-14,Ukunda,27.9,84.5,
2020-05-14,Kisumu,25.2,68.8,0.0
2020-05-15,Ukunda,26.0,85.4,
2020-05-15,Kisumu,23.2,80.7,33.3
2020-05-16,Ukunda,27.4,77.6,
2020-05-16,Kisumu,23.3,80.7,0.0
2020-05-17,Ukunda,26.8,80.3,
2020-05-17,Kisumu,24.1,70.9,0.0
2020-05-18,Ukunda,27.5,70.3,
2020-05-18,Kisumu,24.0,72.9,23.4
2020-05-19,Ukunda,24.4,84.1,
2020-05-19,Kisumu,22.9,79.2,0.0
2020-05-20,Ukunda,25.6,84.3,
2020-05-20,Kisumu,23.3,75.6,0.0
2020-05-21,Ukunda,26.2,84.7,
2020-05-21,Kisumu,24.0,66.3,0.0
2020-05-22,Ukunda,26.6,77.5,
2020-05-22,Kisumu,24.0,72.6,8.4
2020-05-23,Ukunda,27.2,78.7,
2020-05-23,Kisumu,23.9,75.6,1.0
2020-05-24,Ukunda,27.5,78.6,
2020-05-24,Kisumu,23.7,80.3,5.8
2020-05-25,Ukunda,26.9,84.6,
2020-05-25,Kisumu,24.3,73.6,0.0
2020-05-26,Ukunda,26.3,88.4,
2020-05-26,Kisumu,24.3,72.8,0.0
2020-05-27,Ukunda,27.2,84.5,
2020-05-27,Kisumu,25.0,66.4,0.0
2020-05-28,Ukunda,26.9,86.6,
2020-05-28,Kisumu,25.1,63.3,0.0
2020-05-29,Ukunda,26.5,79.5,
2020-05-29,Kisumu,24.2,69.1,2.0
2020-05-30,Ukunda,27.6,77.0,
2020-05-30,Kisumu,24.4,66.1,0.0
2020-05-31,Ukunda,27.6,78.6,
2020-05-31,Kisumu,23.9,72.1,20.1
2020-06-01,Ukunda,27.1,77.9,
2020-06-01,Kisumu,22.7,77.3,
2020-06-02,Ukunda,25.1,89.6,
2020-06-02,Kisumu,26.2,58.4,
2020-06-03,Ukunda,26.4,86.1,
2020-06-03,Kisumu,23.3,70.3,
2020-06-04,Ukunda,27.1,81.0,
2020-06-04,Kisumu,23.8,67.9,
2020-06-05,Ukunda,27.7,79.4,
2020-06-05,Kisumu,25.0,62.6,
2020-06-06,Ukunda,26.9,82.1,
2020-06-06,Kisumu,24.6,64.0,
2020-06-07,Ukunda,25.6,88.2,
2020-06-07,Kisumu,25.1,60.4,10.2
2020-06-08,Ukunda,25.9,85.4,
2020-06-08,Kisumu,22.3,78.5,7.4
2020-06-09,Ukunda,25.5,85.5,
2020-06-09,Kisumu,24.1,69.5,0.0
2020-06-10,Ukunda,26.3,82.2,
2020-06-10,Kisumu,21.6,85.4,32.3
2020-06-11,Ukunda,25.9,83.1,
2020-06-11,Kisumu,22.0,77.7,6.1
2020-06-12,Ukunda,26.1,82.6,
2020-06-12,Kisumu,21.9,76.0,0.0
2020-06-13,Ukunda,26.4,80.2,
2020-06-13,Kisumu,22.3,74.8,1.0
2020-06-14,Ukunda,28.4,77.8,
2020-06-14,Kisumu,23.4,72.6,0.0
2020-06-15,Ukunda,26.6,76.7,
2020-06-15,Kisumu,21.7,79.5,22.1
2020-06-16,Ukunda,26.2,73.6,
2020-06-16,Kisumu,23.4,68.3,0.0
2020-06-17,Ukunda,26.5,77.5,
2020-06-17,Kisumu,24.0,69.3,0.8
2020-06-18,Ukunda,25.6,83.8,
2020-06-18,Kisumu,23.9,70.0,0.0
2020-06-19,Ukunda,26.9,79.4,
2020-06-19,Kisumu,23.1,71.5,0.0
2020-06-20,Ukunda,26.6,79.0,
2020-06-20,Kisumu,23.9,66.8,0.0
2020-06-21,Ukunda,25.4,80.4,
2020-06-21,Kisumu,23.8,68.3,0.0
2020-06-22,Ukunda,25.6,80.0,
2020-06-22,Kisumu,23.3,72.7,0.0
2020-06-23,Ukunda,26.3,83.1,
2020-06-23,Kisumu,24.1,67.5,0.0
2020-06-24,Ukunda,26.0,79.4,
2020-06-24,Kisumu,22.6,73.5,13.0
2020-06-25,Ukunda,25.8,81.3,
2020-06-25,Kisumu,23.5,64.0,0.0
2020-06-26,Ukunda,26.0,86.4,
2020-06-26,Kisumu,22.9,68.1,0.0
2020-06-27,Ukunda,26.3,83.0,
2020-06-27,Kisumu,22.5,74.9,8.6
2020-06-28,Ukunda,25.1,84.3,
2020-06-28,Kisumu,23.0,70.1,0.0
2020-06-29,Ukunda,25.7,73.4,
2020-06-29,Kisumu,24.0,66.5,0.0
2020-06-30,Ukunda,26.3,81.0,
2020-06-30,Kisumu,24.5,60.2,0.0
2020-07-01,Ukunda,26.5,79.2,
2020-07-01,Kisumu,23.9,60.0,0.0
2020-07-02,Ukunda,26.3,79.2,
2020-07-02,Kisumu,23.9,60.9,0.0
2020-07-03,Ukunda,26.5,77.3,
2020-07-03,Kisumu,24.9,60.6,1.3
2020-07-04,Ukunda,26.4,84.7,
2020-07-04,Kisumu,24.0,69.5,0.0
2020-07-05,Ukunda,26.3,79.1,
2020-07-05,Kisumu,23.8,69.2,7.6
2020-07-06,Ukunda,26.3,77.5,
2020-07-06,Kisumu,22.2,75.7,6.4
2020-07-07,Ukunda,26.1,77.5,
2020-07-07,Kisumu,23.6,69.6,0.0
2020-07-08,Ukunda,26.4,79.8,
2020-07-08,Kisumu,22.7,74.8,0.0
2020-07-09,Ukunda,26.1,87.7,
2020-07-09,Kisumu,23.9,63.9,0.0
2020-07-10,Ukunda,26.5,80.6,
2020-07-10,Kisumu,23.7,67.4,0.0
2020-07-11,Ukunda,25.9,82.1,
2020-07-11,Kisumu,21.9,76.5,21.3
2020-07-12,Ukunda,25.5,82.9,
2020-07-12,Kisumu,21.6,74.1,0.3
2020-07-13,Ukunda,26.4,80.0,
2020-07-13,Kisumu,22.7,69.2,0.0
2020-07-14,Ukunda,26.5,79.8,
2020-07-14,Kisumu,22.0,75.2,1.8
2020-07-15,Ukunda,26.5,79.5,
2020-07-15,Kisumu,23.2,67.5,0.0
2020-07-16,Ukunda,25.7,80.5,
2020-07-16,Kisumu,22.3,70.8,0.0
2020-07-17,Ukunda,25.5,64.5,
2020-07-17,Kisumu,23.3,65.4,0.0
2020-07-18,Ukunda,25.2,65.3,
2020-07-18,Kisumu,22.6,64.9,0.0
2020-07-19,Ukunda,24.7,71.2,
2020-07-19,Kisumu,23.6,57.1,0.0
2020-07-20,Ukunda,25.5,77.0,
2020-07-20,Kisumu,24.5,57.6,0.0
2020-07-21,Ukunda,25.8,78.9,
2020-07-21,Kisumu,22.6,71.4,0.3
2020-07-22,Ukunda,26.1,80.0,
2020-07-22,Kisumu,23.7,66.9,0.0
2020-07-23,Ukunda,25.8,78.6,
2020-07-23,Kisumu,24.3,63.3,0.0
2020-07-24,Ukunda,25.7,73.3,
2020-07-24,Kisumu,24.4,62.3,0.0
2020-07-25,Ukunda,25.7,75.0,
2020-07-25,Kisumu,25.0,61.2,0.0
2020-07-26,Ukunda,25.4,77.6,
2020-07-26,Kisumu,24.5,57.8,0.0
2020-07-27,Ukunda,26.0,75.4,
2020-07-27,Kisumu,24.4,59.4,0.0
2020-07-28,Ukunda,25.8,81.4,
2020-07-28,Kisumu,24.1,63.2,4.3
2020-07-29,Ukunda,26.0,76.3,
2020-07-29,Kisumu,22.3,77.6,20.1
2020-07-30,Ukunda,24.9,88.8,
2020-07-30,Kisumu,22.5,73.4,7.9
2020-07-31,Ukunda,25.1,84.5,
2020-07-31,Kisumu,23.8,64.6,0.0
2020-08-01,Ukunda,24.4,81.3,
2020-08-01,Kisumu,24.2,63.0,0.0
2020-08-02,Ukunda,25.3,76.8,
2020-08-02,Kisumu,24.2,60.4,0.0
2020-08-03,Ukunda,25.5,80.3,
2020-08-03,Kisumu,23.7,56.2,0.0
2020-08-04,Ukunda,25.8,76.6,
2020-08-04,Kisumu,23.6,65.4,0.0
2020-08-05,Ukunda,26.0,77.9,
2020-08-05,Kisumu,24.8,61.0,0.0
2020-08-06,Ukunda,25.6,76.9,
2020-08-06,Kisumu,24.6,65.4,10.9
2020-08-07,Ukunda,25.4,76.0,
2020-08-07,Kisumu,23.7,71.1,0.5
2020-08-08,Ukunda,25.5,77.2,
2020-08-08,Kisumu,24.3,65.9,0.0
2020-08-09,Ukunda,24.5,80.1,
2020-08-09,Kisumu,23.6,62.0,0.0
2020-08-10,Ukunda,25.2,77.1,
2020-08-10,Kisumu,24.2,61.7,0.0
2020-08-11,Ukunda,25.1,79.9,
2020-08-11,Kisumu,23.7,69.0,0.8
2020-08-12,Ukunda,25.1,80.0,
2020-08-12,Kisumu,23.6,72.2,5.8
2020-08-13,Ukunda,25.1,75.9,
2020-08-13,Kisumu,23.3,76.2,0.0
2020-08-14,Ukunda,25.1,75.5,
2020-08-14,Kisumu,22.9,81.4,22.1
2020-08-15,Ukunda,24.8,74.3,
2020-08-15,Kisumu,23.5,75.2,5.6
2020-08-16,Ukunda,25.0,84.6,
2020-08-16,Kisumu,24.4,68.3,0.0
2020-08-17,Ukunda,25.9,78.6,
2020-08-17,Kisumu,24.6,67.6,0.0
2020-08-18,Ukunda,26.1,78.6,
2020-08-18,Kisumu,24.6,67.2,0.3
2020-08-19,Ukunda,26.3,80.1,
2020-08-19,Kisumu,24.3,70.7,1.8
2020-08-20,Ukunda,25.0,84.7,
2020-08-20,Kisumu,24.2,69.9,2.3
2020-08-21,Ukunda,25.4,80.7,
2020-08-21,Kisumu,23.5,70.8,0.0
2020-08-22,Ukunda,25.1,80.3,
2020-08-22,Kisumu,23.9,62.8,0.5
2020-08-23,Ukunda,25.7,79.8,
2020-08-23,Kisumu,23.8,65.6,0.0
2020-08-24,Ukunda,25.8,77.2,
2020-08-24,Kisumu,22.9,69.6,0.0
2020-08-25,Ukunda,25.5,79.7,
2020-08-25,Kisumu,23.2,68.1,1.5
2020-08-26,Ukunda,26.3,84.8,
2020-08-26,Kisumu,22.8,65.7,0.0
2020-08-27,Ukunda,25.7,83.4,
2020-08-27,Kisumu,23.7,59.0,0.0
2020-08-28,Ukunda,25.5,78.9,
2020-08-28,Kisumu,24.3,63.4,35.1
2020-08-29,Ukunda,25.9,76.9,
2020-08-29,Kisumu,23.6,67.0,2.8
2020-08-30,Ukunda,26.1,75.0,
2020-08-30,Kisumu,23.1,75.2,17.5
2020-08-31,Ukunda,26.0,79.2,
2020-08-31,Kisumu,22.2,74.3,12.4
2020-09-01,Ukunda,25.3,80.4,
2020-09-01,Kisumu,23.2,71.0,7.1
2020-09-02,Ukunda,25.4,75.8,
2020-09-02,Kisumu,23.9,63.6,0.8
2020-09-03,Ukunda,26.1,74.1,
2020-09-03,Kisumu,23.9,65.8,10.9
2020-09-04,Ukunda,26.0,77.5,
2020-09-04,Kisumu,22.8,72.6,10.2
2020-09-05,Ukunda,25.6,78.2,
2020-09-05,Kisumu,23.7,67.0,0.0
2020-09-06,Ukunda,25.5,79.4,
2020-09-06,Kisumu,23.6,69.7,4.6
2020-09-07,Ukunda,25.9,84.9,
2020-09-07,Kisumu,22.0,78.6,21.3
2020-09-08,Ukunda,24.8,78.6,
2020-09-08,Kisumu,22.6,76.1,0.3
2020-09-09,Ukunda,25.7,73.6,
2020-09-09,Kisumu,23.1,71.4,0.0
2020-09-10,Ukunda,25.7,78.8,
2020-09-10,Kisumu,23.7,66.5,0.0
2020-09-11,Ukunda,26.2,77.6,
2020-09-11,Kisumu,23.5,67.1,0.0
2020-09-12,Ukunda,26.7,75.2,
2020-09-12,Kisumu,23.1,70.3,0.0
2020-09-13,Ukunda,26.6,74.4,
2020-09-13,Kisumu,24.1,65.8,0.0
2020-09-14,Ukunda,26.9,77.7,
2020-09-14,Kisumu,24.8,62.3,0.0
2020-09-15,Ukunda,26.9,77.9,
2020-09-15,Kisumu,25.0,61.4,0.0
2020-09-16,Ukunda,26.8,78.1,
2020-09-16,Kisumu,25.3,59.2,0.0
2020-09-17,Ukunda,26.7,79.5,
2020-09-17,Kisumu,26.7,54.0,0.0
2020-09-18,Ukunda,26.4,85.8,
2020-09-18,Kisumu,26.3,53.8,0.0
2020-09-19,Ukunda,25.3,79.0,
2020-09-19,Kisumu,24.5,64.6,0.8
2020-09-20,Ukunda,26.7,76.6,
2020-09-20,Kisumu,24.6,62.9,22.1
2020-09-21,Ukunda,26.7,78.1,
2020-09-21,Kisumu,23.9,68.8,0.5
2020-09-22,Ukunda,26.5,75.7,
2020-09-22,Kisumu,22.4,76.8,36.1
2020-09-23,Ukunda,27.3,85.6,
2020-09-23,Kisumu,23.2,73.8,5.8
2020-09-24,Ukunda,25.2,81.9,
2020-09-24,Kisumu,23.8,73.3,9.1
2020-09-25,Ukunda,26.5,75.6,
2020-09-25,Kisumu,22.3,80.7,1.0
2020-09-26,Ukunda,26.7,80.8,
2020-09-26,Kisumu,23.3,74.2,6.6
2020-09-27,Ukunda,26.6,78.0,
2020-09-27,Kisumu,23.2,76.1,0.3
2020-09-28,Ukunda,26.8,80.1,
2020-09-28,Kisumu,23.6,75.3,38.1
2020-09-29,Ukunda,27.4,80.0,
2020-09-29,Kisumu,22.0,78.9,16.0
2020-09-30,Ukunda,26.9,79.0,
2020-09-30,Kisumu,22.9,73.4,0.3
2020-10-01,Ukunda,27.4,81.0,
2020-10-01,Kisumu,24.2,70.7,0.3
2020-10-02,Ukunda,27.9,78.1,
2020-10-02,Kisumu,25.6,61.1,0.0
2020-10-03,Ukunda,27.6,77.0,
2020-10-03,Kisumu,26.1,56.3,0.0
2020-10-04,Ukunda,27.6,76.2,
2020-10-04,Kisumu,26.3,62.1,2.8
2020-10-05,Ukunda,27.0,82.5,
2020-10-05,Kisumu,25.4,66.7,9.7
2020-10-06,Ukunda,27.3,77.8,
2020-10-06,Kisumu,25.4,61.0,0.5
2020-10-07,Ukunda,28.1,77.6,
2020-10-07,Kisumu,26.2,57.6,0.0
2020-10-08,Ukunda,27.7,78.8,
2020-10-08,Kisumu,25.4,60.6,5.6
2020-10-09,Ukunda,27.9,78.6,
2020-10-09,Kisumu,25.8,58.5,0.3
2020-10-10,Ukunda,28.0,75.2,
2020-10-10,Kisumu,25.0,64.4,11.2
2020-10-11,Ukunda,27.9,75.6,
2020-10-11,Kisumu,23.9,71.9,0.0
2020-10-12,Ukunda,28.3,77.0,
2020-10-12,Kisumu,24.6,65.7,0.0
2020-10-13,Ukunda,28.6,78.3,
2020-10-13,Kisumu,24.4,69.8,3.6
2020-10-14,Ukunda,28.6,79.7,
2020-10-14,Kisumu,24.1,70.5,5.1
2020-10-15,Ukunda,28.1,76.6,
2020-10-15,Kisumu,24.8,67.3,0.0
2020-10-16,Ukunda,28.0,75.0,
2020-10-16,Kisumu,25.4,63.9,1.5
2020-10-17,Ukunda,27.5,77.4,
2020-10-17,Kisumu,24.5,71.1,0.3
2020-10-18,Ukunda,28.0,75.8,
2020-10-18,Kisumu,24.0,68.4,0.0
2020-10-19,Ukunda,28.2,73.4,
2020-10-19,Kisumu,24.5,68.2,0.5
2020-10-20,Ukunda,27.9,76.3,
2020-10-20,Kisumu,24.0,71.5,20.1
2020-10-21,Ukunda,28.3,76.6,
2020-10-21,Kisumu,23.3,75.8,0.3
2020-10-22,Ukunda,28.6,79.3,
2020-10-22,Kisumu,25.2,66.1,0.3
2020-10-23,Ukunda,28.9,79.0,
2020-10-23,Kisumu,25.6,62.8,1.3
2020-10-24,Ukunda,28.6,77.1,
2020-10-24,Kisumu,26.1,60.2,3.8
2020-10-25,Ukunda,28.7,74.5,
2020-10-25,Kisumu,25.5,62.2,0.0
2020-10-26,Ukunda,28.2,77.5,
2020-10-26,Kisumu,25.4,62.5,0.0
2020-10-27,Ukunda,27.9,80.6,
2020-10-27,Kisumu,24.2,70.4,0.0
2020-10-28,Ukunda,28.2,80.6,
2020-10-28,Kisumu,24.4,70.4,1.3
2020-10-29,Ukunda,28.0,77.1,
2020-10-29,Kisumu,24.9,70.8,10.4
2020-10-30,Ukunda,27.7,89.3,
2020-10-30,Kisumu,24.0,74.9,16.0
2020-10-31,Ukunda,27.6,83.3,
2020-10-31,Kisumu,23.2,78.7,24.1
2020-11-01,Ukunda,28.5,79.3,
2020-11-01,Kisumu,24.1,67.1,0.0
2020-11-02,Ukunda,28.4,73.4,
2020-11-02,Kisumu,25.7,59.3,0.0
2020-11-03,Ukunda,27.2,78.0,
2020-11-03,Kisumu,24.6,72.0,0.3
2020-11-04,Ukunda,27.6,78.3,
2020-11-04,Kisumu,25.5,64.0,1.3
2020-11-05,Ukunda,26.2,84.6,
2020-11-05,Kisumu,25.0,68.1,1.3
2020-11-06,Ukunda,28.0,76.7,
2020-11-06,Kisumu,24.1,75.7,1.3
2020-11-07,Ukunda,28.3,76.4,
2020-11-07,Kisumu,24.1,73.2,10.2
2020-11-08,Ukunda,26.4,87.9,
2020-11-08,Kisumu,24.1,72.7,0.3
2020-11-09,Ukunda,27.8,91.2,
2020-11-09,Kisumu,25.3,68.8,1.3
2020-11-10,Ukunda,26.7,82.8,
2020-11-10,Kisumu,25.3,64.7,8.4
2020-11-11,Ukunda,28.1,81.2,
2020-11-11,Kisumu,23.7,75.6,1.3
2020-11-12,Ukunda,28.4,83.6,
2020-11-12,Kisumu,24.7,71.6,0.0
2020-11-13,Ukunda,29.0,79.6,
2020-11-13,Kisumu,24.7,68.0,13.2
2020-11-14,Ukunda,28.8,76.4,
2020-11-14,Kisumu,23.5,77.9,1.3
2020-11-15,Ukunda,28.2,79.6,
2020-11-15,Kisumu,23.8,78.3,19.1
2020-11-16,Ukunda,27.5,79.3,
2020-11-16,Kisumu,23.4,76.9,0.3
2020-11-17,Ukunda,27.7,81.5,
2020-11-17,Kisumu,23.7,72.5,29.7
2020-11-18,Ukunda,28.4,81.7,
2020-11-18,Kisumu,25.0,71.0,0.0
2020-11-19,Ukunda,29.0,79.1,
2020-11-19,Kisumu,24.6,68.4,17.0
2020-11-20,Ukunda,29.4,79.3,
2020-11-20,Kisumu,23.8,76.2,36.3
2020-11-21,Ukunda,28.8,78.3,
2020-11-21,Kisumu,24.6,71.3,0.3
2020-11-22,Ukunda,29.2,81.8,
2020-11-22,Kisumu,24.7,69.4,0.0
2020-11-23,Ukunda,28.9,80.1,
2020-11-23,Kisumu,25.9,63.1,0.0
2020-11-24,Ukunda,29.2,82.3,
2020-11-24,Kisumu,25.4,65.4,0.0
2020-11-25,Ukunda,29.3,79.4,
2020-11-25,Kisumu,23.5,77.6,25.4
2020-11-26,Ukunda,30.4,84.4,
2020-11-26,Kisumu,25.0,68.9,0.0
2020-11-27,Ukunda,29.7,78.7,
2020-11-27,Kisumu,25.5,67.6,0.3
2020-11-28,Ukunda,28.0,78.6,
2020-11-28,Kisumu,24.9,70.6,14.2
2020-11-29,Ukunda,28.9,80.8,
2020-11-29,Kisumu,22.9,82.7,40.6
2020-11-30,Ukunda,29.5,80.8,
2020-11-30,Kisumu,23.9,76.4,0.0
2020-12-01,Ukunda,27.9,82.3,
2020-12-01,Kisumu,24.5,71.6,5.3
2020-12-02,Ukunda,27.9,85.6,
2020-12-02,Kisumu,25.5,68.2,0.0
2020-12-03,Ukunda,28.6,82.0,
2020-12-03,Kisumu,25.6,62.7,0.0
2020-12-04,Ukunda,28.7,81.9,
2020-12-04,Kisumu,25.6,66.7,0.0
2020-12-05,Ukunda,29.0,80.7,
2020-12-05,Kisumu,24.5,68.2,2.8
2020-12-06,Ukunda,29.5,79.0,
2020-12-06,Kisumu,25.1,66.8,0.0
2020-12-07,Ukunda,29.4,77.9,
2020-12-07,Kisumu,24.8,69.0,9.1
2020-12-08,Ukunda,29.2,80.8,
2020-12-08,Kisumu,25.1,70.1,19.3
2020-12-09,Ukunda,29.6,77.9,
2020-12-09,Kisumu,25.1,70.1,17.8
2020-12-10,Ukunda,29.3,77.9,
2020-12-10,Kisumu,25.2,66.4,0.0
2020-12-11,Ukunda,29.4,79.2,
2020-12-11,Kisumu,24.4,68.7,20.1
2020-12-12,Ukunda,29.2,79.0,
2020-12-12,Kisumu,24.3,68.6,0.0
2020-12-13,Ukunda,28.9,78.3,
2020-12-13,Kisumu,25.8,62.6,0.0
2020-12-14,Ukunda,29.1,79.7,
2020-12-14,Kisumu,26.1,59.3,0.0
2020-12-15,Ukunda,29.1,78.1,
2020-12-15,Kisumu,26.6,56.1,0.0
2020-12-16,Ukunda,29.0,80.0,
2020-12-16,Kisumu,26.8,51.0,0.0
2020-12-17,Ukunda,29.2,78.2,
2020-12-17,Kisumu,25.4,62.8,29.2
2020-12-18,Ukunda,28.4,82.0,
2020-12-18,Kisumu,23.6,72.3,22.4
2020-12-19,Ukunda,28.8,80.3,
2020-12-19,Kisumu,23.7,70.9,0.5
2020-12-20,Ukunda,29.3,82.1,
2020-12-20,Kisumu,25.1,65.6,0.0
2020-12-21,Ukunda,29.2,82.6,
2020-12-21,Kisumu,25.9,64.2,0.0
2020-12-22,Ukunda,29.2,79.7,
2020-12-22,Kisumu,25.8,62.7,2.8
2020-12-23,Ukunda,29.6,77.9,
2020-12-23,Kisumu,25.1,69.5,5.8
2020-12-24,Ukunda,29.6,78.1,
2020-12-24,Kisumu,24.8,72.8,36.3
2020-12-25,Ukunda,29.6,79.4,
2020-12-25,Kisumu,23.4,74.7,4.8
2020-12-26,Ukunda,29.4,76.0,
2020-12-26,Kisumu,25.2,68.6,0.3
2020-12-27,Ukunda,29.2,75.5,
2020-12-27,Kisumu,25.5,62.8,0.0
2020-12-28,Ukunda,28.9,75.6,
2020-12-28,Kisumu,25.4,60.8,0.0
2020-12-29,Ukunda,29.2,76.0,
2020-12-29,Kisumu,25.6,54.6,0.0
2020-12-30,Ukunda,28.4,78.4,
2020-12-30,Kisumu,25.8,59.1,0.0
2020-12-31,Ukunda,28.9,75.5,
2020-12-31,Kisumu,23.7,71.3,3.8
2021-01-01,Ukunda,28.5,80.1,
2021-01-01,Kisumu,23.1,75.8,1.5
2021-01-02,Ukunda,29.2,78.5,
2021-01-02,Kisumu,24.7,69.4,0.0
2021-01-03,Ukunda,29.0,78.7,
2021-01-03,Kisumu,25.4,66.5,0.0
2021-01-04,Ukunda,28.6,74.6,
2021-01-04,Kisumu,25.0,66.6,0.0
2021-01-05,Ukunda,28.9,75.0,
2021-01-05,Kisumu,25.8,61.7,0.0
2021-01-06,Ukunda,28.9,75.8,
2021-01-06,Kisumu,25.8,63.0,12.4
2021-01-07,Ukunda,28.7,73.3,
2021-01-07,Kisumu,25.6,63.0,0.3
2021-01-08,Ukunda,28.8,75.5,
2021-01-08,Kisumu,26.2,57.8,0.0
2021-01-09,Ukunda,28.6,77.6,
2021-01-09,Kisumu,23.2,72.3,0.0
2021-01-10,Ukunda,26.1,77.6,
2021-01-10,Kisumu,21.1,84.8,12.2
2021-01-11,Ukunda,27.0,79.3,
2021-01-11,Kisumu,23.4,76.1,6.9
2021-01-12,Ukunda,27.4,78.9,
2021-01-12,Kisumu,23.0,80.2,0.3
2021-01-13,Ukunda,27.2,79.3,
2021-01-13,Kisumu,24.6,71.6,0.0
2021-01-14,Ukunda,27.6,78.7,
2021-01-14,Kisumu,25.1,69.0,0.3
2021-01-15,Ukunda,27.8,78.5,
2021-01-15,Kisumu,23.6,74.4,30.2
2021-01-16,Ukunda,28.7,77.7,
2021-01-16,Kisumu,22.6,80.6,3.3
2021-01-17,Ukunda,28.5,78.0,
2021-01-17,Kisumu,23.0,79.9,6.9
2021-01-18,Ukunda,28.4,78.3,
2021-01-18,Kisumu,22.6,78.5,14.5
2021-01-19,Ukunda,28.7,76.3,
2021-01-19,Kisumu,23.9,73.2,0.8
2021-01-20,Ukunda,28.2,77.2,
2021-01-20,Kisumu,24.4,67.0,0.0
2021-01-21,Ukunda,27.8,77.8,
2021-01-21,Kisumu,24.9,67.6,0.0
2021-01-22,Ukunda,27.6,76.3,
2021-01-22,Kisumu,24.5,68.5,0.0
2021-01-23,Ukunda,27.6,77.9,
2021-01-23,Kisumu,25.2,69.0,14.7
2021-01-24,Ukunda,28.2,77.3,
2021-01-24,Kisumu,24.2,71.7,21.1
2021-01-25,Ukunda,28.7,76.2,
2021-01-25,Kisumu,24.6,69.5,0.0
2021-01-26,Ukunda,28.6,75.4,
2021-01-26,Kisumu,25.0,61.5,0.0
2021-01-27,Ukunda,28.3,74.7,
2021-01-27,Kisumu,25.4,60.7,0.0
2021-01-28,Ukunda,28.8,73.7,
2021-01-28,Kisumu,26.3,49.8,0.0
2021-01-29,Ukunda,28.5,74.3,
2021-01-29,Kisumu,27.1,50.7,0.0
2021-01-30,Ukunda,28.5,73.9,
2021-01-30,Kisumu,26.9,54.9,0.0
2021-01-31,Ukunda,29.0,71.8,
2021-01-31,Kisumu,26.5,55.3,0.0
2021-02-01,Ukunda,28.8,71.9,
2021-02-01,Kisumu,26.0,40.7,0.0
2021-02-02,Ukunda,28.6,69.7,
2021-02-02,Kisumu,26.0,43.7,0.0
2021-02-03,Ukunda,29.3,72.1,
2021-02-03,Kisumu,27.1,49.0,0.0
2021-02-04,Ukunda,28.9,74.3,
2021-02-04,Kisumu,26.9,51.0,0.0
2021-02-05,Ukunda,29.4,74.0,
2021-02-05,Kisumu,26.6,53.3,0.8
2021-02-06,Ukunda,29.5,73.0,
2021-02-06,Kisumu,25.3,61.7,0.0
2021-02-07,Ukunda,29.5,73.0,
2021-02-07,Kisumu,25.3,58.1,0.0
2021-02-08,Ukunda,27.4,84.5,
2021-02-08,Kisumu,25.9,52.8,0.0
2021-02-09,Ukunda,27.4,77.6,
2021-02-09,Kisumu,26.9,55.1,3.3
2021-02-10,Ukunda,28.1,74.8,
2021-02-10,Kisumu,25.9,65.6,9.4
2021-02-11,Ukunda,28.3,74.9,
2021-02-11,Kisumu,22.7,78.5,0.0
2021-02-12,Ukunda,27.8,77.2,
2021-02-12,Kisumu,24.2,67.9,0.0
2021-02-13,Ukunda,28.7,76.2,
2021-02-13,Kisumu,24.4,66.8,0.0
2021-02-14,Ukunda,28.6,75.8,
2021-02-14,Kisumu,25.5,58.7,0.0
2021-02-15,Ukunda,28.3,75.1,
2021-02-15,Kisumu,27.4,56.6,0.0
2021-02-16,Ukunda,27.4,75.7,
2021-02-16,Kisumu,26.8,63.3,0.0
2021-02-17,Ukunda,28.1,75.4,
2021-02-17,Kisumu,26.6,58.1,16.5
2021-02-18,Ukunda,28.4,75.7,
2021-02-18,Kisumu,24.9,70.0,1.0
2021-02-19,Ukunda,27.7,74.7,
2021-02-19,Kisumu,23.8,76.2,11.9
2021-02-20,Ukunda,29.2,75.2,
2021-02-20,Kisumu,24.2,69.3,0.3
2021-02-21,Ukunda,29.0,79.5,
2021-02-21,Kisumu,24.8,62.1,0.3
2021-02-22,Ukunda,28.9,74.9,
2021-02-22,Kisumu,22.0,79.9,7.6
2021-02-23,Ukunda,28.5,76.1,
2021-02-23,Kisumu,23.5,69.8,0.0
2021-02-24,Ukunda,28.7,76.5,
2021-02-24,Kisumu,23.3,70.2,10.7
2021-02-25,Ukunda,28.8,75.6,
2021-02-25,Kisumu,24.7,67.7,0.0
2021-02-26,Ukunda,28.6,71.6,
2021-02-26,Kisumu,25.7,60.1,0.0
2021-02-27,Ukunda,28.8,75.0,
2021-02-27,Kisumu,26.1,55.2,0.0
2021-02-28,Ukunda,28.9,73.8,
2021-02-28,Kisumu,26.6,55.3,0.0
2021-03-01,Ukunda,28.9,73.6,
2021-03-01,Kisumu,27.8,48.3,0.0
2021-03-02,Ukunda,28.7,73.8,
2021-03-02,Kisumu,29.3,45.4,0.0
2021-03-03,Ukunda,28.7,72.0,
2021-03-03,Kisumu,27.9,54.2,0.0
2021-03-04,Ukunda,28.5,72.1,
2021-03-04,Kisumu,28.0,54.7,1.0
2021-03-05,Ukunda,28.8,70.2,
2021-03-05,Kisumu,27.4,54.7,0.0
2021-03-06,Ukunda,29.0,69.2,
2021-03-06,Kisumu,27.6,57.2,0.0
2021-03-07,Ukunda,28.7,72.0,
2021-03-07,Kisumu,27.3,56.8,0.0
2021-03-08,Ukunda,28.5,72.8,
2021-03-08,Kisumu,26.0,64.9,21.8
2021-03-09,Ukunda,29.0,73.1,
2021-03-09,Kisumu,25.1,67.2,0.0
2021-03-10,Ukunda,29.1,72.9,
2021-03-10,Kisumu,26.4,60.1,0.0
2021-03-11,Ukunda,28.7,73.4,
2021-03-11,Kisumu,27.6,47.0,0.0
2021-03-12,Ukunda,28.5,73.5,
2021-03-12,Kisumu,28.9,32.8,0.0
2021-03-13,Ukunda,28.5,71.6,
2021-03-13,Kisumu,29.2,34.8,0.0
2021-03-14,Ukunda,28.6,74.0,
2021-03-14,Kisumu,28.3,44.1,0.0
2021-03-15,Ukunda,29.0,73.9,
2021-03-15,Kisumu,28.4,46.2,0.8
2021-03-16,Ukunda,29.0,73.8,
2021-03-16,Kisumu,25.9,55.5,0.3
2021-03-17,Ukunda,29.0,75.3,
2021-03-17,Kisumu,24.9,62.5,8.9
2021-03-18,Ukunda,29.4,73.7,
2021-03-18,Kisumu,24.7,65.1,4.8
2021-03-19,Ukunda,29.3,74.3,
2021-03-19,Kisumu,25.1,65.7,15.2
2021-03-20,Ukunda,29.7,74.4,
2021-03-20,Kisumu,24.6,66.7,0.8
2021-03-21,Ukunda,29.5,74.9,
2021-03-21,Kisumu,24.9,63.3,3.3
2021-03-22,Ukunda,29.6,75.9,
2021-03-22,Kisumu,23.9,68.8,29.5
2021-03-23,Ukunda,29.8,71.0,
2021-03-23,Kisumu,25.3,64.4,0.0
2021-03-24,Ukunda,29.3,67.0,
2021-03-24,Kisumu,26.2,55.3,0.0
2021-03-25,Ukunda,30.2,70.7,
2021-03-25,Kisumu,26.1,55.4,0.0
2021-03-26,Ukunda,29.9,72.6,
2021-03-26,Kisumu,26.3,50.6,0.0
2021-03-27,Ukunda,27.3,75.5,
2021-03-27,Kisumu,25.2,65.4,9.7
2021-03-28,Ukunda,28.8,70.3,
2021-03-28,Kisumu,24.6,68.3,16.0
2021-03-29,Ukunda,29.8,71.9,
2021-03-29,Kisumu,25.0,66.3,1.3
2021-03-30,Ukunda,28.9,72.7,
2021-03-30,Kisumu,23.4,79.1,13.5
2021-03-31,Ukunda,29.2,74.2,
2021-03-31,Kisumu,23.4,73.6,6.6
2021-04-01,Ukunda,29.3,72.2,
2021-04-01,Kisumu,27.8,57.0,0.0
2021-04-02,Ukunda,28.5,81.4,
2021-04-02,Kisumu,23.8,71.6,6.9
2021-04-03,Ukunda,28.9,79.8,
2021-04-03,Kisumu,24.3,69.6,0.0
2021-04-04,Ukunda,29.5,82.4,
2021-04-04,Kisumu,23.9,70.9,15.0
2021-04-05,Ukunda,29.1,82.7,
2021-04-05,Kisumu,23.4,76.8,6.9
2021-04-06,Ukunda,29.4,81.4,
2021-04-06,Kisumu,23.7,73.5,1.3
2021-04-07,Ukunda,29.3,75.3,
2021-04-07,Kisumu,24.0,71.1,22.4
2021-04-08,Ukunda,28.1,73.2,
2021-04-08,Kisumu,23.4,74.4,16.3
2021-04-09,Ukunda,28.4,73.8,
2021-04-09,Kisumu,23.6,74.5,0.5
2021-04-10,Ukunda,28.8,75.2,
2021-04-10,Kisumu,23.7,72.4,0.0
2021-04-11,Ukunda,28.4,71.9,
2021-04-11,Kisumu,24.3,68.7,10.4
2021-04-12,Ukunda,28.4,74.8,
2021-04-12,Kisumu,23.8,74.2,18.8
2021-04-13,Ukunda,27.8,75.4,
2021-04-13,Kisumu,22.9,79.3,5.3
2021-04-14,Ukunda,28.3,73.0,
2021-04-14,Kisumu,24.2,71.6,1.3
2021-04-15,Ukunda,29.0,74.0,
2021-04-15,Kisumu,24.8,70.7,0.0
2021-04-16,Ukunda,28.7,78.0,
2021-04-16,Kisumu,24.2,70.4,1.3
2021-04-17,Ukunda,28.8,80.0,
2021-04-17,Kisumu,25.2,70.3,0.5
2021-04-18,Ukunda,26.2,87.1,
2021-04-18,Kisumu,25.2,67.8,0.3
2021-04-19,Ukunda,26.5,74.3,
2021-04-19,Kisumu,25.1,67.4,0.8
2021-04-20,Ukunda,27.5,73.5,
2021-04-20,Kisumu,24.2,69.2,0.5
2021-04-21,Ukunda,28.0,76.7,
2021-04-21,Kisumu,23.9,70.8,20.8
2021-04-22,Ukunda,28.0,78.2,
2021-04-22,Kisumu,23.0,77.4,6.4
2021-04-23,Ukunda,28.3,78.1,
2021-04-23,Kisumu,23.7,73.7,0.5
2021-04-24,Ukunda,28.5,77.3,
2021-04-24,Kisumu,24.5,69.6,21.1
2021-04-25,Ukunda,28.5,77.6,
2021-04-25,Kisumu,22.4,82.7,6.1
2021-04-26,Ukunda,28.4,80.1,
2021-04-26,Kisumu,24.0,72.9,0.3
2021-04-27,Ukunda,28.1,81.4,
2021-04-27,Kisumu,24.4,67.8,22.4
2021-04-28,Ukunda,28.2,80.3,
2021-04-28,Kisumu,24.7,67.4,17.3
2021-04-29,Ukunda,26.1,85.6,
2021-04-29,Kisumu,24.3,71.3,0.3
2021-04-30,Ukunda,28.4,76.9,
2021-04-30,Kisumu,24.5,74.4,0.3
2021-05-01,Ukunda,27.5,78.6,
2021-05-01,Kisumu,24.8,69.2,0.0
2021-05-02,Ukunda,27.7,75.9,
2021-05-02,Kisumu,24.8,65.4,0.0
2021-05-03,Ukunda,26.0,85.6,
2021-05-03,Kisumu,23.0,76.6,38.4
2021-05-04,Ukunda,26.4,80.8,
2021-05-04,Kisumu,23.1,76.6,0.3
2021-05-05,Ukunda,25.3,81.2,
2021-05-05,Kisumu,23.5,75.6,0.3
2021-05-06,Ukunda,26.6,78.9,
2021-05-06,Kisumu,23.7,75.0,3.0
2021-05-07,Ukunda,27.2,71.2,
2021-05-07,Kisumu,22.4,83.8,25.9
2021-05-08,Ukunda,27.1,74.3,
2021-05-08,Kisumu,22.7,81.1,2.5
2021-05-09,Ukunda,27.0,73.9,
2021-05-09,Kisumu,22.0,81.6,13.7
2021-05-10,Ukunda,27.7,71.9,
2021-05-10,Kisumu,20.6,89.6,13.5
2021-05-11,Ukunda,27.2,73.5,
2021-05-11,Kisumu,22.9,75.9,0.0
2021-05-12,Ukunda,26.9,73.9,
2021-05-12,Kisumu,21.0,86.7,31.0
2021-05-13,Ukunda,27.2,74.2,
2021-05-13,Kisumu,22.1,77.1,0.0
2021-05-14,Ukunda,26.9,73.5,
2021-05-14,Kisumu,22.9,74.7,18.3
2021-05-15,Ukunda,27.8,75.3,
2021-05-15,Kisumu,22.9,77.0,0.0
2021-05-16,Ukunda,26.5,77.2,
2021-05-16,Kisumu,23.2,77.9,2.0
2021-05-17,Ukunda,26.8,77.5,
2021-05-17,Kisumu,23.3,73.7,0.3
2021-05-18,Ukunda,27.4,73.9,
2021-05-18,Kisumu,23.8,72.4,0.8
2021-05-19,Ukunda,27.4,77.8,
2021-05-19,Kisumu,24.7,70.1,0.0
2021-05-20,Ukunda,27.3,68.6,
2021-05-20,Kisumu,24.2,76.4,7.1
2021-05-21,Ukunda,27.4,71.5,
2021-05-21,Kisumu,24.3,75.0,0.3
2021-05-22,Ukunda,27.5,71.5,
2021-05-22,Kisumu,23.8,72.9,16.0
2021-05-23,Ukunda,26.9,72.6,
2021-05-23,Kisumu,24.4,68.7,0.3
2021-05-24,Ukunda,27.1,69.4,
2021-05-24,Kisumu,24.3,68.3,0.8
2021-05-25,Ukunda,26.4,68.9,
2021-05-25,Kisumu,24.4,67.8,0.0
2021-05-26,Ukunda,26.6,69.9,
2021-05-26,Kisumu,24.5,71.5,5.1
2021-05-27,Ukunda,26.2,78.1,
2021-05-27,Kisumu,24.5,66.5,0.0
2021-05-28,Ukunda,25.7,81.3,
2021-05-28,Kisumu,24.8,64.5,0.0
2021-05-29,Ukunda,26.4,73.8,
2021-05-29,Kisumu,25.1,61.9,0.0
2021-05-30,Ukunda,26.7,76.2,
2021-05-30,Kisumu,25.3,62.2,0.0
2021-05-31,Ukunda,27.0,78.8,
2021-05-31,Kisumu,25.3,63.7,0.0
2021-06-01,Ukunda,26.9,76.6,
2021-06-01,Kisumu,24.6,62.1,0.0
2021-06-02,Ukunda,26.4,77.1,
2021-06-02,Kisumu,28.4,43.3,0.0
2021-06-03,Ukunda,26.6,76.9,
2021-06-03,Kisumu,24.7,59.3,0.0
2021-06-04,Ukunda,27.1,75.0,
2021-06-04,Kisumu,25.0,58.7,0.0
2021-06-05,Ukunda,26.0,81.7,
2021-06-05,Kisumu,25.0,61.7,8.1
2021-06-06,Ukunda,26.4,77.0,
2021-06-06,Kisumu,24.1,64.9,0.0
2021-06-07,Ukunda,26.8,67.9,
2021-06-07,Kisumu,24.8,62.8,0.0
2021-06-08,Ukunda,26.3,71.3,
2021-06-08,Kisumu,24.5,59.3,0.0
2021-06-09,Ukunda,24.3,82.6,
2021-06-09,Kisumu,24.2,55.6,0.0
2021-06-10,Ukunda,25.4,79.2,
2021-06-10,Kisumu,24.4,58.2,0.0
2021-06-11,Ukunda,25.8,77.9,
2021-06-11,Kisumu,23.7,66.1,0.0
2021-06-12,Ukunda,26.4,69.6,
2021-06-12,Kisumu,22.7,70.8,8.9
2021-06-13,Ukunda,26.3,72.2,
2021-06-13,Kisumu,23.4,64.3,0.0
2021-06-14,Ukunda,25.8,76.0,
2021-06-14,Kisumu,24.3,62.2,0.0
2021-06-15,Ukunda,25.9,67.9,
2021-06-15,Kisumu,25.0,62.5,0.0
2021-06-16,Ukunda,25.3,72.3,
2021-06-16,Kisumu,24.2,65.4,0.5
2021-06-17,Ukunda,25.7,68.6,
2021-06-17,Kisumu,24.0,64.6,0.0
2021-06-18,Ukunda,25.0,84.3,
2021-06-18,Kisumu,22.8,70.0,9.1
2021-06-19,Ukunda,26.2,74.9,
2021-06-19,Kisumu,22.0,75.3,0.3
2021-06-20,Ukunda,26.1,70.7,
2021-06-20,Kisumu,22.7,68.8,1.0
2021-06-21,Ukunda,24.7,84.1,
2021-06-21,Kisumu,22.0,74.7,2.3
2021-06-22,Ukunda,24.4,83.4,
2021-06-22,Kisumu,22.6,66.6,0.0
2021-06-23,Ukunda,25.3,81.2,
2021-06-23,Kisumu,23.7,57.5,0.0
2021-06-24,Ukunda,25.0,79.7,
2021-06-24,Kisumu,23.3,57.9,0.0
2021-06-25,Ukunda,25.0,76.7,
2021-06-25,Kisumu,24.4,59.3,0.0
2021-06-26,Ukunda,25.1,74.1,
2021-06-26,Kisumu,24.6,56.4,0.0
2021-06-27,Ukunda,25.1,75.5,
2021-06-27,Kisumu,25.1,53.9,0.0
2021-06-28,Ukunda,24.7,85.6,
2021-06-28,Kisumu,23.9,62.7,5.8
2021-06-29,Ukunda,24.8,85.4,
2021-06-29,Kisumu,21.8,72.6,7.4
2021-06-30,Ukunda,25.7,79.4,
2021-06-30,Kisumu,21.9,70.7,0.0
2021-07-01,Ukunda,25.3,79.2,
2021-07-01,Kisumu,23.6,64.1,0.0
2021-07-02,Ukunda,25.2,79.3,
2021-07-02,Kisumu,24.0,58.1,0.0
2021-07-03,Ukunda,25.1,75.7,
2021-07-03,Kisumu,24.3,60.5,0.0
2021-07-04,Ukunda,25.0,82.1,
2021-07-04,Kisumu,24.4,59.2,0.0
2021-07-05,Ukunda,25.5,78.3,
2021-07-05,Kisumu,25.4,54.2,0.0
2021-07-06,Ukunda,24.9,81.9,
2021-07-06,Kisumu,24.2,57.9,3.6
2021-07-07,Ukunda,25.4,79.3,
2021-07-07,Kisumu,23.3,63.6,0.0
2021-07-08,Ukunda,25.7,75.2,
2021-07-08,Kisumu,23.3,64.4,1.0
2021-07-09,Ukunda,24.9,81.6,
2021-07-09,Kisumu,23.1,69.2,0.3
2021-07-10,Ukunda,25.6,82.4,
2021-07-10,Kisumu,23.9,61.1,0.0
2021-07-11,Ukunda,24.3,83.5,
2021-07-11,Kisumu,23.7,59.9,0.3
2021-07-12,Ukunda,24.3,79.1,
2021-07-12,Kisumu,22.2,73.5,0.5
2021-07-13,Ukunda,25.4,79.8,
2021-07-13,Kisumu,20.9,79.7,23.6
2021-07-14,Ukunda,25.8,77.8,
2021-07-14,Kisumu,22.7,70.8,2.8
2021-07-15,Ukunda,26.0,79.8,
2021-07-15,Kisumu,23.1,69.4,0.0
2021-07-16,Ukunda,25.7,74.4,
2021-07-16,Kisumu,24.7,60.1,0.0
2021-07-17,Ukunda,25.3,75.0,
2021-07-17,Kisumu,24.7,60.5,0.0
2021-07-18,Ukunda,25.9,77.3,
2021-07-18,Kisumu,24.2,59.1,0.0
2021-07-19,Ukunda,25.5,78.8,
2021-07-19,Kisumu,24.6,55.3,0.0
2021-07-20,Ukunda,25.3,78.2,
2021-07-20,Kisumu,24.3,60.4,0.0
2021-07-21,Ukunda,25.8,76.5,
2021-07-21,Kisumu,25.3,55.8,0.0
2021-07-22,Ukunda,25.5,81.2,
2021-07-22,Kisumu,25.4,48.2,0.0
2021-07-23,Ukunda,25.7,76.2,
2021-07-23,Kisumu,24.6,54.0,0.0
2021-07-24,Ukunda,25.7,68.4,
2021-07-24,Kisumu,24.5,54.4,0.0
2021-07-25,Ukunda,24.9,65.7,
2021-07-25,Kisumu,25.1,48.7,0.0
2021-07-26,Ukunda,24.7,68.6,
2021-07-26,Kisumu,25.4,52.2,0.0
2021-07-27,Ukunda,25.5,70.8,
2021-07-27,Kisumu,24.8,57.4,0.0
2021-07-28,Ukunda,25.0,77.0,
2021-07-28,Kisumu,25.3,57.7,0.5
2021-07-29,Ukunda,24.3,81.7,
2021-07-29,Kisumu,24.3,65.6,0.5
2021-07-30,Ukunda,24.8,79.1,
2021-07-30,Kisumu,23.9,66.0,0.5
2021-07-31,Ukunda,24.5,77.5,
2021-07-31,Kisumu,24.1,54.1,0.0
2021-08-01,Ukunda,24.9,80.1,
2021-08-01,Kisumu,23.8,55.7,1.5
2021-08-02,Ukunda,24.9,80.2,
2021-08-02,Kisumu,21.8,73.2,2.5
2021-08-03,Ukunda,25.0,79.5,
2021-08-03,Kisumu,24.2,61.6,0.8
2021-08-04,Ukunda,25.1,78.4,
2021-08-04,Kisumu,23.5,68.6,5.3
2021-08-05,Ukunda,25.2,76.1,
2021-08-05,Kisumu,23.3,65.6,0.0
2021-08-06,Ukunda,24.9,78.3,
2021-08-06,Kisumu,24.6,57.7,0.0
2021-08-07,Ukunda,25.0,78.5,
2021-08-07,Kisumu,25.2,53.5,0.0
2021-08-08,Ukunda,25.2,76.5,
2021-08-08,Kisumu,25.1,55.6,0.0
2021-08-09,Ukunda,25.0,74.8,
2021-08-09,Kisumu,22.8,65.6,2.8
2021-08-10,Ukunda,24.7,76.7,
2021-08-10,Kisumu,22.4,67.1,0.0
2021-08-11,Ukunda,24.4,79.3,
2021-08-11,Kisumu,24.1,63.0,0.0
2021-08-12,Ukunda,24.6,77.9,
2021-08-12,Kisumu,24.8,62.8,1.0
2021-08-13,Ukunda,25.3,76.0,
2021-08-13,Kisumu,23.1,68.3,51.3
2021-08-14,Ukunda,25.9,76.2,
2021-08-14,Kisumu,22.1,75.9,8.1
2021-08-15,Ukunda,25.3,73.7,
2021-08-15,Kisumu,22.4,71.7,0.0
2021-08-16,Ukunda,25.6,76.6,
2021-08-16,Kisumu,22.4,65.9,1.5
2021-08-17,Ukunda,24.9,80.3,
2021-08-17,Kisumu,23.0,67.4,1.5
2021-08-18,Ukunda,25.3,79.7,
2021-08-18,Kisumu,23.1,67.7,0.0
2021-08-19,Ukunda,25.3,77.8,
2021-08-19,Kisumu,23.6,60.4,0.0
2021-08-20,Ukunda,25.9,77.2,
2021-08-20,Kisumu,24.5,60.9,0.0
2021-08-21,Ukunda,25.4,84.4,
2021-08-21,Kisumu,23.9,62.9,0.0
2021-08-22,Ukunda,24.6,86.0,
2021-08-22,Kisumu,24.3,61.3,0.3
2021-08-23,Ukunda,25.5,74.9,
2021-08-23,Kisumu,24.1,58.1,0.0
2021-08-24,Ukunda,25.0,78.4,
2021-08-24,Kisumu,24.0,56.8,0.0
2021-08-25,Ukunda,25.0,74.4,
2021-08-25,Kisumu,25.2,55.0,0.0
2021-08-26,Ukunda,25.6,72.4,
2021-08-26,Kisumu,25.3,53.6,0.0
2021-08-27,Ukunda,25.5,73.8,
2021-08-27,Kisumu,25.4,53.8,0.0
2021-08-28,Ukunda,25.5,77.3,
2021-08-28,Kisumu,26.0,47.7,0.0
2021-08-29,Ukunda,25.5,73.3,
2021-08-29,Kisumu,27.4,48.8,0.0
2021-08-30,Ukunda,25.8,74.4,
2021-08-30,Kisumu,25.8,59.2,0.0
2021-08-31,Ukunda,25.7,76.0,
2021-08-31,Kisumu,24.8,61.6,0.0
2021-09-01,Ukunda,27.2,75.1,
2021-09-01,Kisumu,24.8,63.2,0.3
2021-09-02,Ukunda,25.7,82.8,
2021-09-02,Kisumu,25.5,60.1,14.5
2021-09-03,Ukunda,25.7,78.1,
2021-09-03,Kisumu,23.9,69.4,8.9
2021-09-04,Ukunda,25.8,75.8,
2021-09-04,Kisumu,24.5,66.5,0.0
2021-09-05,Ukunda,25.5,78.2,
2021-09-05,Kisumu,24.8,61.0,0.0
2021-09-06,Ukunda,26.2,80.1,
2021-09-06,Kisumu,24.9,60.1,0.0
2021-09-07,Ukunda,26.0,77.0,
2021-09-07,Kisumu,25.3,59.5,0.8
2021-09-08,Ukunda,25.7,81.9,
2021-09-08,Kisumu,24.9,63.1,0.0
2021-09-09,Ukunda,26.0,76.0,
2021-09-09,Kisumu,22.8,71.5,0.5
2021-09-10,Ukunda,26.3,74.1,
2021-09-10,Kisumu,23.5,66.2,0.0
2021-09-11,Ukunda,25.7,75.1,
2021-09-11,Kisumu,24.4,63.0,0.0
2021-09-12,Ukunda,25.3,81.7,
2021-09-12,Kisumu,24.1,64.9,0.3
2021-09-13,Ukunda,26.2,73.8,
2021-09-13,Kisumu,25.4,53.1,0.0
2021-09-14,Ukunda,26.0,74.7,
2021-09-14,Kisumu,26.3,52.0,0.5
2021-09-15,Ukunda,25.5,81.3,
2021-09-15,Kisumu,25.4,58.3,1.3
2021-09-16,Ukunda,26.1,81.7,
2021-09-16,Kisumu,24.2,69.3,11.2
2021-09-17,Ukunda,26.3,75.9,
2021-09-17,Kisumu,25.0,63.4,0.0
2021-09-18,Ukunda,26.6,76.3,
2021-09-18,Kisumu,22.5,77.4,20.1
2021-09-19,Ukunda,26.8,75.2,
2021-09-19,Kisumu,23.2,72.5,2.8
2021-09-20,Ukunda,26.8,75.2,
2021-09-20,Kisumu,25.0,62.8,0.3
2021-09-21,Ukunda,26.6,77.0,
2021-09-21,Kisumu,25.0,62.5,11.9
2021-09-22,Ukunda,26.3,76.2,
2021-09-22,Kisumu,24.0,68.9,0.3
2021-09-23,Ukunda,26.6,76.3,
2021-09-23,Kisumu,25.4,57.5,0.0
2021-09-24,Ukunda,26.7,74.1,
2021-09-24,Kisumu,24.2,62.7,7.4
2021-09-25,Ukunda,26.5,76.6,
2021-09-25,Kisumu,23.7,66.1,0.3
2021-09-26,Ukunda,26.8,71.1,
2021-09-26,Kisumu,24.2,60.6,0.0
2021-09-27,Ukunda,26.6,74.3,
2021-09-27,Kisumu,24.6,62.7,15.2
2021-09-28,Ukunda,26.6,75.4,
2021-09-28,Kisumu,24.8,59.7,0.0
2021-09-29,Ukunda,27.2,78.3,
2021-09-29,Kisumu,26.3,57.4,0.0
2021-09-30,Ukunda,26.9,81.3,
2021-09-30,Kisumu,26.0,54.7,0.0
2021-10-01,Ukunda,26.8,72.6,
2021-10-01,Kisumu,25.7,55.2,0.0
2021-10-02,Ukunda,26.6,73.6,
2021-10-02,Kisumu,25.0,59.0,0.0
2021-10-03,Ukunda,27.0,75.1,
2021-10-03,Kisumu,24.3,67.2,27.7
2021-10-04,Ukunda,27.0,72.3,
2021-10-04,Kisumu,24.9,66.6,0.0
2021-10-05,Ukunda,26.9,73.1,
2021-10-05,Kisumu,25.6,62.9,1.5
2021-10-06,Ukunda,27.1,73.8,
2021-10-06,Kisumu,24.6,64.9,0.0
2021-10-07,Ukunda,27.0,78.9,
2021-10-07,Kisumu,26.0,55.5,0.0
2021-10-08,Ukunda,27.5,77.6,
2021-10-08,Kisumu,26.4,56.2,0.0
2021-10-09,Ukunda,27.6,77.9,
2021-10-09,Kisumu,26.0,54.5,0.0
2021-10-10,Ukunda,27.7,73.9,
2021-10-10,Kisumu,27.2,51.7,0.0
2021-10-11,Ukunda,27.3,76.5,
2021-10-11,Kisumu,26.0,54.8,0.0
2021-10-12,Ukunda,27.3,74.6,
2021-10-12,Kisumu,25.2,63.6,14.5
2021-10-13,Ukunda,27.6,72.4,
2021-10-13,Kisumu,24.5,67.1,0.3
2021-10-14,Ukunda,27.4,73.2,
2021-10-14,Kisumu,25.9,58.7,0.0
2021-10-15,Ukunda,26.5,81.7,
2021-10-15,Kisumu,25.9,54.7,0.0
2021-10-16,Ukunda,27.2,75.3,
2021-10-16,Kisumu,27.0,50.7,0.0
2021-10-17,Ukunda,27.1,73.8,
2021-10-17,Kisumu,24.2,67.6,14.2
2021-10-18,Ukunda,27.4,75.7,
2021-10-18,Kisumu,25.0,63.3,0.0
2021-10-19,Ukunda,26.7,84.3,
2021-10-19,Kisumu,25.6,64.9,7.1
2021-10-20,Ukunda,27.2,77.9,
2021-10-20,Kisumu,25.8,61.6,0.5
2021-10-21,Ukunda,27.4,76.4,
2021-10-21,Kisumu,28.2,48.3,0.8
2021-10-22,Ukunda,27.6,76.0,
2021-10-22,Kisumu,25.2,62.7,2.5
2021-10-23,Ukunda,27.1,74.4,
2021-10-23,Kisumu,24.5,64.7,1.3
2021-10-24,Ukunda,27.5,76.3,
2021-10-24,Kisumu,24.8,59.9,2.5
2021-10-25,Ukunda,28.0,78.1,
2021-10-25,Kisumu,26.1,53.1,0.0
2021-10-26,Ukunda,28.2,76.7,
2021-10-26,Kisumu,25.3,58.5,46.5
2021-10-27,Ukunda,28.0,80.6,
2021-10-27,Kisumu,24.4,63.9,0.3
2021-10-28,Ukunda,27.9,77.9,
2021-10-28,Kisumu,25.8,60.9,1.8
2021-10-29,Ukunda,29.8,77.9,
2021-10-29,Kisumu,26.4,58.0,0.0
2021-10-30,Ukunda,28.3,74.6,
2021-10-30,Kisumu,25.5,62.2,0.3
2021-10-31,Ukunda,28.5,77.7,
2021-10-31,Kisumu,25.8,60.9,0.0
2021-11-01,Ukunda,28.7,77.6,
2021-11-01,Kisumu,25.9,58.3,5.6
2021-11-02,Ukunda,28.9,77.6,
2021-11-02,Kisumu,23.5,68.9,6.6
2021-11-03,Ukunda,28.6,75.9,
2021-11-03,Kisumu,24.3,67.0,22.4
2021-11-04,Ukunda,28.6,75.0,
2021-11-04,Kisumu,24.4,69.0,0.3
2021-11-05,Ukunda,28.6,76.1,
2021-11-05,Kisumu,24.9,66.0,0.0
2021-11-06,Ukunda,28.6,77.4,
2021-11-06,Kisumu,24.9,62.7,0.0
2021-11-07,Ukunda,28.3,73.0,
2021-11-07,Kisumu,25.3,60.7,1.3
2021-11-08,Ukunda,28.3,73.6,
2021-11-08,Kisumu,26.2,57.0,0.0
2021-11-09,Ukunda,28.5,76.9,
2021-11-09,Kisumu,27.5,49.1,0.0
2021-11-10,Ukunda,29.0,78.4,
2021-11-10,Kisumu,26.8,54.8,2.3
2021-11-11,Ukunda,29.1,75.0,
2021-11-11,Kisumu,26.9,51.2,0.0
2021-11-12,Ukunda,28.6,77.0,
2021-11-12,Kisumu,27.4,49.4,0.0
2021-11-13,Ukunda,28.9,78.3,
2021-11-13,Kisumu,27.2,48.8,0.0
2021-11-14,Ukunda,29.1,77.8,
2021-11-14,Kisumu,27.3,42.8,0.0
2021-11-15,Ukunda,29.1,74.9,
2021-11-15,Kisumu,27.6,41.1,0.0
2021-11-16,Ukunda,29.1,73.8,
2021-11-16,Kisumu,25.5,56.4,0.8
2021-11-17,Ukunda,29.0,72.7,
2021-11-17,Kisumu,26.3,55.1,0.0
2021-11-18,Ukunda,29.2,73.7,
2021-11-18,Kisumu,25.8,57.7,2.0
2021-11-19,Ukunda,29.2,76.5,
2021-11-19,Kisumu,26.0,58.3,0.0
2021-11-20,Ukunda,28.5,81.1,
2021-11-20,Kisumu,24.7,64.6,8.6
2021-11-21,Ukunda,29.0,75.2,
2021-11-21,Kisumu,24.5,64.0,0.0
2021-11-22,Ukunda,28.9,74.8,
2021-11-22,Kisumu,25.3,57.6,0.0
2021-11-23,Ukunda,29.4,73.8,
2021-11-23,Kisumu,26.4,53.7,0.0
2021-11-24,Ukunda,29.8,76.7,
2021-11-24,Kisumu,25.7,59.1,0.3
2021-11-25,Ukunda,30.0,76.9,
2021-11-25,Kisumu,24.8,63.3,15.5
2021-11-26,Ukunda,29.8,77.3,
2021-11-26,Kisumu,23.4,77.6,36.8
2021-11-27,Ukunda,29.5,77.9,
2021-11-27,Kisumu,23.8,75.4,3.3
2021-11-28,Ukunda,29.0,76.0,
2021-11-28,Kisumu,25.7,63.0,0.0
2021-11-29,Ukunda,29.4,74.5,
2021-11-29,Kisumu,26.1,59.2,0.0
2021-11-30,Ukunda,28.4,80.5,
2021-11-30,Kisumu,26.6,56.6,0.0
2021-12-01,Ukunda,28.4,78.4,
2021-12-01,Kisumu,27.1,54.6,0.0
2021-12-02,Ukunda,30.2,82.0,
2021-12-02,Kisumu,28.7,43.2,0.3
2021-12-03,Ukunda,28.9,76.6,
2021-12-03,Kisumu,25.6,56.5,0.0
2021-12-04,Ukunda,29.0,79.0,
2021-12-04,Kisumu,25.2,58.6,0.3
2021-12-05,Ukunda,28.2,82.3,
2021-12-05,Kisumu,26.9,54.0,0.0
2021-12-06,Ukunda,29.1,78.0,
2021-12-06,Kisumu,27.4,49.4,0.0
2021-12-07,Ukunda,29.3,76.0,
2021-12-07,Kisumu,28.2,48.0,0.0
2021-12-08,Ukunda,29.0,78.7,
2021-12-08,Kisumu,26.5,60.7,22.4
2021-12-09,Ukunda,28.3,77.8,
2021-12-09,Kisumu,26.0,62.2,0.0
2021-12-10,Ukunda,28.9,77.1,
2021-12-10,Kisumu,26.8,60.0,0.0
2021-12-11,Ukunda,28.1,82.5,
2021-12-11,Kisumu,28.2,43.5,0.0
2021-12-12,Ukunda,27.7,81.6,
2021-12-12,Kisumu,29.0,35.3,0.0
2021-12-13,Ukunda,26.9,80.9,
2021-12-13,Kisumu,28.5,39.6,0.0
2021-12-14,Ukunda,28.5,79.4,
2021-12-14,Kisumu,28.6,46.3,0.5
2021-12-15,Ukunda,27.9,82.9,
2021-12-15,Kisumu,26.7,53.6,0.5
2021-12-16,Ukunda,28.3,84.1,
2021-12-16,Kisumu,28.4,49.6,0.0
2021-12-17,Ukunda,28.7,84.3,
2021-12-17,Kisumu,27.4,41.9,0.0
2021-12-18,Ukunda,28.8,80.8,
2021-12-18,Kisumu,26.6,50.5,1.0
2021-12-19,Ukunda,29.5,79.5,
2021-12-19,Kisumu,26.0,65.7,18.0
2021-12-20,Ukunda,29.6,80.4,
2021-12-20,Kisumu,26.3,66.1,0.0
2021-12-21,Ukunda,28.8,85.9,
2021-12-21,Kisumu,28.1,59.5,0.0
2021-12-22,Ukunda,29.6,82.9,
2021-12-22,Kisumu,27.2,58.5,8.6
2021-12-23,Ukunda,29.8,79.5,
2021-12-23,Kisumu,27.5,54.6,0.0
2021-12-24,Ukunda,30.1,77.6,
2021-12-24,Kisumu,26.2,62.3,8.1
2021-12-25,Ukunda,30.0,80.3,
2021-12-25,Kisumu,26.4,64.0,0.0
2021-12-26,Ukunda,28.4,85.0,
2021-12-26,Kisumu,26.0,65.2,0.3
2021-12-27,Ukunda,28.8,81.2,
2021-12-27,Kisumu,27.6,55.9,0.0
2021-12-28,Ukunda,29.0,80.9,
2021-12-28,Kisumu,27.8,49.6,0.0
2021-12-29,Ukunda,29.5,78.5,
2021-12-29,Kisumu,28.6,53.0,13.0
2021-12-30,Ukunda,29.8,79.0,
2021-12-30,Kisumu,24.4,70.4,5.6
2021-12-31,Ukunda,29.7,75.9,
2021-12-31,Kisumu,24.0,71.4,1.5
2022-01-01,Ukunda,29.3,79.3,
2022-01-01,Kisumu,25.2,65.4,6.6
2022-01-02,Ukunda,29.4,77.9,
2022-01-02,Kisumu,26.8,59.8,0.0
2022-01-03,Ukunda,29.3,77.9,
2022-01-03,Kisumu,30.42,52.82,0.25
2022-01-04,Ukunda,29.3,76.7,
2022-01-04,Kisumu,26.82,57.44,0.0
2022-01-05,Ukunda,29.5,78.9,
2022-01-05,Kisumu,26.75,51.13,0.0
2022-01-06,Ukunda,29.5,76.1,
2022-01-06,Kisumu,27.55,47.49,0.0
2022-01-07,Ukunda,29.4,77.4,
2022-01-07,Kisumu,28.6,45.6,0.0
2022-01-08,Ukunda,29.0,74.5,
2022-01-08,Kisumu,29.33,41.19,0.0
2022-01-09,Ukunda,28.9,74.2,
2022-01-09,Kisumu,29.22,34.4,0.0
2022-01-10,Ukunda,28.7,75.2,
2022-01-10,Kisumu,29.17,36.07,0.0
2022-01-11,Ukunda,28.7,76.8,
2022-01-11,Kisumu,29.17,32.88,0.0
2022-01-12,Ukunda,29.5,75.5,
2022-01-12,Kisumu,29.51,29.97,0.0
2022-01-13,Ukunda,29.1,75.8,
2022-01-13,Kisumu,28.91,27.88,0.0
2022-01-14,Ukunda,29.2,76.6,
2022-01-14,Kisumu,27.97,37.8,0.0
2022-01-15,Ukunda,29.4,74.0,
2022-01-15,Kisumu,26.77,49.42,0.0
2022-01-16,Ukunda,29.2,75.9,
2022-01-16,Kisumu,25.73,56.07,3.56
2022-01-17,Ukunda,29.2,74.2,
2022-01-17,Kisumu,21.28,83.33,33.53
2022-01-18,Ukunda,28.8,74.8,
2022-01-18,Kisumu,21.76,77.78,11.43
2022-01-19,Ukunda,28.9,75.0,
2022-01-19,Kisumu,22.12,77.3,1.78
2022-01-20,Ukunda,28.7,77.3,
2022-01-20,Kisumu,24.44,66.41,0.0
2022-01-21,Ukunda,28.1,74.3,
2022-01-21,Kisumu,25.75,63.7,0.0
2022-01-22,Ukunda,28.6,74.7,
2022-01-22,Kisumu,24.87,64.46,0.0
2022-01-23,Ukunda,28.4,71.8,
2022-01-23,Kisumu,25.05,61.45,0.0
2022-01-24,Ukunda,28.4,69.2,
2022-01-24,Kisumu,26.06,57.13,0.0
2022-01-25,Ukunda,28.4,72.3,
2022-01-25,Kisumu,26.95,49.29,0.0
2022-01-26,Ukunda,27.8,73.5,
2022-01-26,Kisumu,27.55,45.38,0.0
2022-01-27,Ukunda,27.7,73.0,
2022-01-27,Kisumu,28.0,44.73,0.0
2022-01-28,Ukunda,27.9,75.2,
2022-01-28,Kisumu,27.59,46.45,0.0
2022-01-29,Ukunda,28.1,73.4,
2022-01-29,Kisumu,26.92,57.79,2.29
2022-01-30,Ukunda,27.9,75.1,
2022-01-30,Kisumu,26.5,62.75,14.48
2022-01-31,Ukunda,28.6,72.8,
2022-01-31,Kisumu,22.58,76.36,0.76
2022-02-01,Ukunda,28.7,,
2022-02-01,Kisumu,24.74,67.18,0.25
2022-02-02,Ukunda,28.8,,
2022-02-02,Kisumu,26.0,65.15,0.25
2022-02-03,Ukunda,29.0,,
2022-02-03,Kisumu,25.67,67.51,24.38
2022-02-04,Ukunda,28.8,,
2022-02-04,Kisumu,21.55,77.46,0.25
2022-02-05,Ukunda,28.2,,
2022-02-06,Ukunda,28.4,,
2022-02-07,Ukunda,28.9,,
2022-02-08,Ukunda,28.6,,
2022-02-09,Ukunda,28.7,,
2022-02-10,Ukunda,28.7,,
2022-02-11,Ukunda,28.2,,
2022-02-12,Ukunda,28.3,,
2022-02-13,Ukunda,28.5,,
2022-02-14,Ukunda,28.2,,
