City,Environment,Container,Percentage,Day,Cases,caseslow95,casesup95,Household,HH_low95,HH_up95,Non_Household,NH_low95,NH_up95,pweeks_cases,pwk_low95,pwk_up95,weeks_cases,wk_low95,wk_up95,pweeks_HHcases,pwk_HHlow95,pwk_HHup95,weeks_HHcases,wk_HHlow95,wk_HHup95,pweeks_NHcases,pwk_NHlow95,pwk_NHup95,weeks_NHcases,wk_NHlow95,wk_NHup95
Kisumu,Both,big,25,1,526.5,291.2,1.059e3,211.0,104.0,440.2,281.5,137.5,619.0,0.7238095238095238,0.42857142857142855,1.0,76.0,45.0,105.0,0.638095238095238,0.3238095238095238,1.0,67.0,34.0,105.0,0.6476190476190476,0.3333333333333333,1.0,68.0,35.0,105.0
Ukunda,Both,big,25,1,2.9e3,1.785e3,4.2e3,1.281e3,731.0,1.936e3,1.548e3,891.0,2.344e3,1.0,0.9047619047619048,1.0,105.0,95.0,105.0,0.9809523809523809,0.8380952380952381,1.0,103.0,88.0,105.0,0.9619047619047619,0.8476190476190476,0.9904761904761905,101.0,89.0,104.0
Kisumu,Both,big,25,50,535.0,306.5,1.084e3,220.0,112.75,459.0,287.0,146.8,630.0,0.6761904761904762,0.41904761904761906,1.0,71.0,44.0,105.0,0.6095238095238096,0.3333333333333333,1.0,64.0,35.0,105.0,0.6285714285714286,0.3333333333333333,1.0,66.0,35.0,105.0
Ukunda,Both,big,25,50,2.884e3,1.745e3,4.27e3,1.277e3,724.0,1.962e3,1.542e3,871.0,2.384e3,0.9809523809523809,0.8666666666666667,1.0,103.0,91.0,105.0,0.9238095238095239,0.819047619047619,1.0,97.0,86.0,105.0,0.9333333333333333,0.8095238095238095,0.9904761904761905,98.0,85.0,104.0
Kisumu,Both,big,25,100,587.5,319.5,1.209e3,243.5,117.25,518.0,313.5,147.8,694.5,0.7333333333333333,0.4380952380952381,1.0,77.0,46.0,105.0,0.6571428571428571,0.34285714285714286,1.0,69.0,36.0,105.0,0.6761904761904762,0.3523809523809524,1.0,71.0,37.0,105.0
Ukunda,Both,big,25,100,3.092e3,1.958e3,4.468e3,1.357e3,818.5,2.033e3,1.662e3,991.0,2.516e3,0.9809523809523809,0.8571428571428571,1.0,103.0,90.0,105.0,0.9142857142857143,0.819047619047619,1.0,96.0,86.0,105.0,0.9142857142857143,0.8095238095238095,0.9904761904761905,96.0,85.0,104.0
Kisumu,Both,big,25,250,635.5,325.2,1.273e3,257.5,123.5,549.0,331.5,148.0,738.0,0.7714285714285715,0.4380952380952381,1.0,81.0,46.0,105.0,0.6952380952380952,0.37142857142857144,1.0,73.0,39.0,105.0,0.6857142857142857,0.34285714285714286,1.0,72.0,36.0,105.0
Ukunda,Both,big,25,250,3.398e3,2.22e3,4.776e3,1.486e3,916.0,2.162e3,1.847e3,1.137e3,2.69e3,0.9619047619047619,0.8571428571428571,1.0,101.0,90.0,105.0,0.9047619047619048,0.8,1.0,95.0,84.0,105.0,0.9142857142857143,0.8095238095238095,0.9904761904761905,96.0,85.0,104.0
Kisumu,Both,big,50,1,402.0,242.8,742.5,152.5,83.75,306.0,223.5,120.0,442.2,0.5333333333333333,0.3523809523809524,0.8285714285714286,56.0,37.0,87.0,0.4095238095238095,0.2761904761904762,0.7619047619047619,43.0,29.0,80.0,0.4380952380952381,0.29523809523809524,0.7619047619047619,46.0,31.0,80.0
Ukunda,Both,big,50,1,1.432e3,504.5,2.572e3,617.5,200.0,1.176e3,728.0,215.5,1.426e3,0.9428571428571428,0.6761904761904762,1.0,99.0,71.0,105.0,0.8666666666666667,0.638095238095238,1.0,91.0,67.0,105.0,0.8666666666666667,0.638095238095238,0.9904761904761905,91.0,67.0,104.0
Kisumu,Both,big,50,50,478.5,279.8,916.0,187.5,100.0,378.5,259.5,137.0,543.0,0.580952380952381,0.3619047619047619,0.8952380952380953,61.0,38.0,94.0,0.47619047619047616,0.29523809523809524,0.8095238095238095,50.0,31.0,85.0,0.4857142857142857,0.3142857142857143,0.8285714285714286,51.0,33.0,87.0
Ukunda,Both,big,50,50,1.816e3,939.0,2.924e3,798.5,375.2,1.349e3,948.0,446.5,1.62e3,0.9238095238095239,0.780952380952381,1.0,97.0,82.0,105.0,0.8666666666666667,0.7238095238095238,1.0,91.0,76.0,105.0,0.8476190476190476,0.7333333333333333,0.9904761904761905,89.0,77.0,104.0
Kisumu,Both,big,50,100,513.5,312.5,954.5,210.0,114.75,402.2,273.0,147.0,550.5,0.6285714285714286,0.4,0.9333333333333333,66.0,42.0,98.0,0.5142857142857142,0.3142857142857143,0.8095238095238095,54.0,33.0,85.0,0.4857142857142857,0.3238095238095238,0.819047619047619,51.0,34.0,86.0
Ukunda,Both,big,50,100,2.264e3,1.366e3,3.34e3,993.5,560.0,1.527e3,1.207e3,670.0,1.861e3,0.8952380952380953,0.7904761904761904,1.0,94.0,83.0,105.0,0.8380952380952381,0.7333333333333333,0.9714285714285714,88.0,77.0,102.0,0.8285714285714286,0.7238095238095238,0.9904761904761905,87.0,76.0,104.0
Kisumu,Both,big,50,250,597.0,337.5,1.053e3,236.5,122.0,464.0,315.5,155.2,604.0,0.7142857142857143,0.45714285714285713,1.0,75.0,48.0,105.0,0.6285714285714286,0.3523809523809524,0.9142857142857143,66.0,37.0,96.0,0.6476190476190476,0.3619047619047619,0.8857142857142857,68.0,38.0,93.0
Ukunda,Both,big,50,250,2.864e3,1.817e3,4.108e3,1.254e3,766.5,1.863e3,1.537e3,910.0,2.32e3,0.8952380952380953,0.7904761904761904,1.0,94.0,83.0,105.0,0.8380952380952381,0.7523809523809524,0.9714285714285714,88.0,79.0,102.0,0.8380952380952381,0.7523809523809524,0.9809523809523809,88.0,79.0,103.0
Kisumu,Both,big,75,1,298.0,193.0,494.5,110.0,59.75,199.2,170.0,96.5,294.8,0.4,0.29523809523809524,0.638095238095238,42.0,31.0,67.0,0.3142857142857143,0.22857142857142856,0.5523809523809524,33.0,24.0,58.0,0.3238095238095238,0.23809523809523808,0.5142857142857142,34.0,25.0,54.0
Ukunda,Both,big,75,1,394.5,166.8,917.5,165.5,64.75,403.5,186.0,60.75,503.2,0.49523809523809526,0.29523809523809524,0.780952380952381,52.0,31.0,82.0,0.42857142857142855,0.23809523809523808,0.7428571428571429,45.0,25.0,78.0,0.41904761904761906,0.23809523809523808,0.7333333333333333,44.0,25.0,77.0
Kisumu,Both,big,75,50,414.5,258.5,710.5,157.0,91.75,284.5,232.0,129.8,421.8,0.4666666666666667,0.3333333333333333,0.7428571428571429,49.0,35.0,78.0,0.3523809523809524,0.2571428571428571,0.6666666666666666,37.0,27.0,70.0,0.4,0.2761904761904762,0.6761904761904762,42.0,29.0,71.0
Ukunda,Both,big,75,50,895.5,497.0,1.568e3,382.5,192.5,707.0,466.0,235.2,884.5,0.6571428571428571,0.4666666666666667,0.8666666666666667,69.0,49.0,91.0,0.5904761904761905,0.4095238095238095,0.8,62.0,43.0,84.0,0.6,0.3904761904761905,0.8,63.0,41.0,84.0
Kisumu,Both,big,75,100,443.5,279.8,707.0,179.5,103.75,299.2,240.5,135.0,414.8,0.4857142857142857,0.34285714285714286,0.6761904761904762,51.0,36.0,71.0,0.4095238095238095,0.29523809523809524,0.6190476190476191,43.0,31.0,65.0,0.4095238095238095,0.29523809523809524,0.638095238095238,43.0,31.0,67.0
Ukunda,Both,big,75,100,1.326e3,749.0,2.078e3,574.5,308.5,942.0,701.5,366.0,1.164e3,0.7047619047619048,0.5523809523809524,0.8571428571428571,74.0,58.0,90.0,0.6571428571428571,0.47619047619047616,0.780952380952381,69.0,50.0,82.0,0.6571428571428571,0.4666666666666667,0.7904761904761904,69.0,49.0,83.0
Kisumu,Both,big,75,250,599.5,338.8,1.0165e3,241.0,126.0,436.5,319.0,155.8,593.5,0.6857142857142857,0.45714285714285713,0.8857142857142857,72.0,48.0,93.0,0.6190476190476191,0.3619047619047619,0.7904761904761904,65.0,38.0,83.0,0.6476190476190476,0.37142857142857144,0.8,68.0,39.0,84.0
Ukunda,Both,big,75,250,2.436e3,1.565e3,3.46e3,1.075e3,655.0,1.571e3,1.307e3,780.0,1.926e3,0.8,0.7238095238095238,0.8952380952380953,84.0,76.0,94.0,0.7523809523809524,0.6571428571428571,0.8380952380952381,79.0,69.0,88.0,0.7523809523809524,0.6761904761904762,0.8285714285714286,79.0,71.0,87.0
Kisumu,Both,big,100,1,206.0,130.0,316.0,71.0,38.5,120.25,120.0,66.75,206.5,0.2857142857142857,0.23809523809523808,0.3904761904761905,30.0,25.0,41.0,0.23809523809523808,0.1619047619047619,0.3238095238095238,25.0,17.0,34.0,0.2571428571428571,0.19047619047619047,0.3523809523809524,27.0,20.0,37.0
Ukunda,Both,big,100,1,116.0,58.0,220.0,47.0,26.0,89.0,57.5,16.0,136.0,0.22857142857142856,0.14285714285714285,0.3238095238095238,24.0,15.0,34.0,0.1619047619047619,0.0761904761904762,0.26666666666666666,17.0,8.0,28.0,0.18095238095238095,0.09523809523809523,0.29523809523809524,19.0,10.0,31.0
Kisumu,Both,big,100,50,350.0,227.0,517.0,133.0,79.0,213.5,202.0,116.0,321.2,0.3619047619047619,0.2857142857142857,0.49523809523809526,38.0,30.0,52.0,0.3047619047619048,0.22857142857142856,0.41904761904761906,32.0,24.0,44.0,0.3238095238095238,0.2571428571428571,0.44761904761904764,34.0,27.0,47.0
Ukunda,Both,big,100,50,518.5,328.2,792.5,203.5,118.0,323.0,294.5,166.5,488.5,0.38095238095238093,0.3142857142857143,0.4857142857142857,40.0,33.0,51.0,0.3238095238095238,0.2571428571428571,0.41904761904761906,34.0,27.0,44.0,0.34285714285714286,0.2761904761904762,0.4380952380952381,36.0,29.0,46.0
Kisumu,Both,big,100,100,435.0,287.8,642.0,174.5,104.0,270.0,242.0,143.8,382.5,0.42857142857142855,0.3238095238095238,0.6,45.0,34.0,63.0,0.34285714285714286,0.2571428571428571,0.49523809523809526,36.0,27.0,52.0,0.37142857142857144,0.29523809523809524,0.5142857142857142,39.0,31.0,54.0
Ukunda,Both,big,100,100,979.0,619.0,1.427e3,396.5,244.2,603.0,549.0,322.8,841.0,0.4857142857142857,0.4,0.6095238095238096,51.0,42.0,64.0,0.4095238095238095,0.34285714285714286,0.5142857142857142,43.0,36.0,54.0,0.4380952380952381,0.3619047619047619,0.5333333333333333,46.0,38.0,56.0
Kisumu,Both,big,100,175,499.5,321.2,794.0,201.0,116.0,344.0,275.0,151.8,471.5,0.5047619047619047,0.3904761904761905,0.6857142857142857,53.0,41.0,72.0,0.41904761904761906,0.3142857142857143,0.6285714285714286,44.0,33.0,66.0,0.45714285714285713,0.3333333333333333,0.6476190476190476,48.0,35.0,68.0
Ukunda,Both,big,100,175,1.562e3,967.0,2.232e3,678.0,405.5,995.0,844.0,485.8,1.266e3,0.580952380952381,0.5047619047619047,0.6857142857142857,61.0,53.0,72.0,0.5142857142857142,0.44761904761904764,0.6285714285714286,54.0,47.0,66.0,0.5428571428571428,0.45714285714285713,0.638095238095238,57.0,48.0,67.0
Kisumu,Both,big,100,250,546.0,326.0,880.0,225.0,122.75,380.5,293.5,154.5,517.5,0.5714285714285714,0.42857142857142855,0.7333333333333333,60.0,45.0,77.0,0.49523809523809526,0.3619047619047619,0.6761904761904762,52.0,38.0,71.0,0.5047619047619047,0.3523809523809524,0.6857142857142857,53.0,37.0,72.0
Ukunda,Both,big,100,250,2.102e3,1.369e3,2.936e3,923.0,572.5,1.33e3,1.13e3,688.5,1.667e3,0.6952380952380952,0.6285714285714286,0.7619047619047619,73.0,66.0,80.0,0.6285714285714286,0.5523809523809524,0.7047619047619048,66.0,58.0,74.0,0.6571428571428571,0.580952380952381,0.7333333333333333,69.0,61.0,77.0
Kisumu,Both,small,25,1,365.5,217.0,677.0,156.5,85.0,306.8,179.0,95.0,378.2,0.47619047619047616,0.3238095238095238,0.8,50.0,34.0,84.0,0.3904761904761905,0.2571428571428571,0.7523809523809524,41.0,27.0,79.0,0.38095238095238093,0.26666666666666666,0.7428571428571429,40.0,28.0,78.0
Ukunda,Both,small,25,1,3.336e3,2.19e3,4.716e3,1.474e3,914.0,2.176e3,1.784e3,1.107e3,2.628e3,0.9904761904761905,0.8761904761904762,1.0,104.0,92.0,105.0,0.9238095238095239,0.8380952380952381,1.0,97.0,88.0,105.0,0.9428571428571428,0.8285714285714286,0.9904761904761905,99.0,87.0,104.0
Kisumu,Both,small,25,50,450.5,273.5,868.0,193.0,102.75,384.2,234.0,126.0,478.5,0.5428571428571428,0.3523809523809524,0.9047619047619048,57.0,37.0,95.0,0.45714285714285713,0.3047619047619048,0.8,48.0,32.0,84.0,0.45714285714285713,0.3047619047619048,0.7904761904761904,48.0,32.0,83.0
Ukunda,Both,small,25,50,3.292e3,2.1e3,4.73e3,1.452e3,873.0,2.19e3,1.754e3,1.064e3,2.624e3,0.9809523809523809,0.8761904761904762,1.0,103.0,92.0,105.0,0.9142857142857143,0.8285714285714286,1.0,96.0,87.0,105.0,0.9142857142857143,0.8095238095238095,0.9904761904761905,96.0,85.0,104.0
Kisumu,Both,small,25,100,505.0,303.8,896.0,207.0,113.75,393.8,260.5,147.2,509.2,0.580952380952381,0.3904761904761905,0.8666666666666667,61.0,41.0,91.0,0.49523809523809526,0.3238095238095238,0.8,52.0,34.0,84.0,0.4666666666666667,0.3333333333333333,0.7714285714285715,49.0,35.0,81.0
Ukunda,Both,small,25,100,3.382e3,2.242e3,4.76e3,1.488e3,950.5,2.2e3,1.822e3,1.145e3,2.652e3,0.9809523809523809,0.8761904761904762,1.0,103.0,92.0,105.0,0.9142857142857143,0.819047619047619,1.0,96.0,86.0,105.0,0.9333333333333333,0.8095238095238095,0.9904761904761905,98.0,85.0,104.0
Kisumu,Both,small,25,250,626.0,353.8,1.118e3,256.0,127.5,503.2,331.0,166.0,647.0,0.7428571428571429,0.5047619047619047,1.0,78.0,53.0,105.0,0.6666666666666666,0.4,1.0,70.0,42.0,105.0,0.6666666666666666,0.3904761904761905,1.0,70.0,41.0,105.0
Ukunda,Both,small,25,250,3.526e3,2.344e3,4.976e3,1.558e3,988.5,2.268e3,1.916e3,1.2e3,2.786e3,0.9619047619047619,0.8666666666666667,1.0,101.0,91.0,105.0,0.9047619047619048,0.819047619047619,1.0,95.0,86.0,105.0,0.9238095238095239,0.8095238095238095,0.9904761904761905,97.0,85.0,104.0
Kisumu,Both,small,50,1,269.5,170.5,440.8,120.0,68.0,203.5,134.0,74.0,237.5,0.3619047619047619,0.2571428571428571,0.5904761904761905,38.0,27.0,62.0,0.3142857142857143,0.21904761904761905,0.45714285714285713,33.0,23.0,48.0,0.29523809523809524,0.2,0.4666666666666667,31.0,21.0,49.0
Ukunda,Both,small,50,1,2.72e3,1.654e3,3.982e3,1.234e3,708.5,1.898e3,1.416e3,793.5,2.184e3,0.9904761904761905,0.8857142857142857,1.0,104.0,93.0,105.0,0.9428571428571428,0.8380952380952381,1.0,99.0,88.0,105.0,0.9428571428571428,0.8095238095238095,0.9904761904761905,99.0,85.0,104.0
Kisumu,Both,small,50,50,403.0,257.5,644.0,173.5,99.0,291.2,211.0,121.0,361.8,0.44761904761904764,0.3238095238095238,0.6476190476190476,47.0,34.0,68.0,0.3904761904761905,0.26666666666666666,0.6,41.0,28.0,63.0,0.3619047619047619,0.26666666666666666,0.6,38.0,28.0,63.0
Ukunda,Both,small,50,50,2.79e3,1.734e3,4.054e3,1.255e3,735.0,1.918e3,1.448e3,837.0,2.206e3,0.9904761904761905,0.8666666666666667,1.0,104.0,91.0,105.0,0.9238095238095239,0.819047619047619,1.0,97.0,86.0,105.0,0.9238095238095239,0.7904761904761904,0.9904761904761905,97.0,83.0,104.0
Kisumu,Both,small,50,100,469.5,292.5,758.5,193.5,114.0,334.8,244.0,142.5,432.8,0.49523809523809526,0.3523809523809524,0.7238095238095238,52.0,37.0,76.0,0.41904761904761906,0.3142857142857143,0.6666666666666666,44.0,33.0,70.0,0.41904761904761906,0.29523809523809524,0.6571428571428571,44.0,31.0,69.0
Ukunda,Both,small,50,100,2.85e3,1.759e3,4.144e3,1.284e3,753.5,1.955e3,1.488e3,864.0,2.264e3,0.9714285714285714,0.8571428571428571,1.0,102.0,90.0,105.0,0.8952380952380953,0.7904761904761904,1.0,94.0,83.0,105.0,0.8952380952380953,0.7904761904761904,0.9904761904761905,94.0,83.0,104.0
Kisumu,Both,small,50,250,559.5,342.5,924.5,228.5,126.75,418.5,294.5,160.5,525.0,0.6095238095238096,0.4666666666666667,0.7904761904761904,64.0,49.0,83.0,0.5238095238095238,0.38095238095238093,0.7238095238095238,55.0,40.0,76.0,0.5333333333333333,0.38095238095238093,0.7142857142857143,56.0,40.0,75.0
Ukunda,Both,small,50,250,3.18e3,2.08e3,4.504e3,1.419e3,885.0,2.096e3,1.696e3,1.056e3,2.496e3,0.9428571428571428,0.8285714285714286,1.0,99.0,87.0,105.0,0.8857142857142857,0.8,1.0,93.0,84.0,105.0,0.8571428571428571,0.780952380952381,0.9904761904761905,90.0,82.0,104.0
Kisumu,Both,small,75,1,205.5,132.5,315.0,94.0,55.75,154.2,99.5,54.0,170.0,0.29523809523809524,0.20952380952380953,0.3904761904761905,31.0,22.0,41.0,0.22857142857142856,0.1619047619047619,0.34285714285714286,24.0,17.0,36.0,0.21904761904761905,0.14285714285714285,0.3333333333333333,23.0,15.0,35.0
Ukunda,Both,small,75,1,2.004e3,1.06e3,3.158e3,931.5,457.0,1.539e3,991.0,477.2,1.666e3,0.9523809523809523,0.780952380952381,1.0,100.0,82.0,105.0,0.8952380952380953,0.7619047619047619,1.0,94.0,80.0,105.0,0.8761904761904762,0.7238095238095238,0.9904761904761905,92.0,76.0,104.0
Kisumu,Both,small,75,50,343.0,222.5,516.0,149.0,88.5,240.0,176.0,101.75,287.2,0.3619047619047619,0.2857142857142857,0.49523809523809526,38.0,30.0,52.0,0.3238095238095238,0.23809523809523808,0.44761904761904764,34.0,25.0,47.0,0.3047619047619048,0.22857142857142856,0.41904761904761906,32.0,24.0,44.0
Ukunda,Both,small,75,50,2.156e3,1.281e3,3.25e3,997.5,560.0,1.585e3,1.086e3,591.0,1.725e3,0.9047619047619048,0.8,1.0,95.0,84.0,105.0,0.8666666666666667,0.7428571428571429,0.9904761904761905,91.0,78.0,104.0,0.8285714285714286,0.7333333333333333,0.9904761904761905,87.0,77.0,104.0
Kisumu,Both,small,75,100,418.0,274.5,625.0,177.0,107.0,285.2,222.0,127.0,360.2,0.4095238095238095,0.3142857142857143,0.5523809523809524,43.0,33.0,58.0,0.3619047619047619,0.26666666666666666,0.5047619047619047,38.0,28.0,53.0,0.34285714285714286,0.2571428571428571,0.4857142857142857,36.0,27.0,51.0
Ukunda,Both,small,75,100,2.336e3,1.381e3,3.462e3,1.086e3,606.5,1.67e3,1.18e3,640.0,1.847e3,0.8952380952380953,0.8,1.0,94.0,84.0,105.0,0.8666666666666667,0.7523809523809524,0.9904761904761905,91.0,79.0,104.0,0.819047619047619,0.7333333333333333,0.9904761904761905,86.0,77.0,104.0
Kisumu,Both,small,75,250,513.5,316.2,817.5,213.5,118.75,367.5,275.5,150.5,471.2,0.5333333333333333,0.4095238095238095,0.6666666666666666,56.0,43.0,70.0,0.47619047619047616,0.3333333333333333,0.6285714285714286,50.0,35.0,66.0,0.4666666666666667,0.3333333333333333,0.638095238095238,49.0,35.0,67.0
Ukunda,Both,small,75,250,2.944e3,1.946e3,4.096e3,1.334e3,832.0,1.925e3,1.538e3,959.0,2.256e3,0.8857142857142857,0.8,1.0,93.0,84.0,105.0,0.8476190476190476,0.7619047619047619,0.9714285714285714,89.0,80.0,102.0,0.8285714285714286,0.7523809523809524,0.9714285714285714,87.0,79.0,102.0
Kisumu,Both,small,100,1,281.0,150.8,544.5,125.0,65.75,243.5,142.5,65.0,300.5,0.4,0.23809523809523808,0.5333333333333333,42.0,25.0,56.0,0.3238095238095238,0.21904761904761905,0.49523809523809526,34.0,23.0,52.0,0.3238095238095238,0.18095238095238095,0.47619047619047616,34.0,19.0,50.0
Ukunda,Both,small,100,1,1.896e3,986.0,3.136e3,878.0,431.5,1.515e3,949.0,439.8,1.654e3,0.8380952380952381,0.7142857142857143,0.9904761904761905,88.0,75.0,104.0,0.7904761904761904,0.6761904761904762,0.9428571428571428,83.0,71.0,99.0,0.7714285714285715,0.6666666666666666,0.8952380952380953,81.0,70.0,94.0
Kisumu,Both,small,100,50,330.0,222.8,478.8,144.0,90.75,223.2,172.5,104.0,267.2,0.3238095238095238,0.26666666666666666,0.42857142857142855,34.0,28.0,45.0,0.29523809523809524,0.21904761904761905,0.38095238095238093,31.0,23.0,40.0,0.26666666666666666,0.20952380952380953,0.37142857142857144,28.0,22.0,39.0
Ukunda,Both,small,100,50,1.636e3,897.0,2.624e3,777.0,386.0,1.296e3,800.5,389.0,1.362e3,0.8380952380952381,0.7047619047619048,0.9714285714285714,88.0,74.0,102.0,0.8,0.6476190476190476,0.9333333333333333,84.0,68.0,98.0,0.7714285714285715,0.6190476190476191,0.9047619047619048,81.0,65.0,95.0
Kisumu,Both,small,100,100,405.0,275.8,578.0,173.5,105.0,263.2,216.5,126.75,333.2,0.3904761904761905,0.3142857142857143,0.4666666666666667,41.0,33.0,49.0,0.3333333333333333,0.2571428571428571,0.41904761904761906,35.0,27.0,44.0,0.3238095238095238,0.2571428571428571,0.4095238095238095,34.0,27.0,43.0
Ukunda,Both,small,100,100,2.014e3,1.26e3,2.988e3,942.0,556.0,1.466e3,1.0105e3,580.5,1.578e3,0.8285714285714286,0.7142857142857143,0.9619047619047619,87.0,75.0,101.0,0.7904761904761904,0.6666666666666666,0.9142857142857143,83.0,70.0,96.0,0.7714285714285715,0.6476190476190476,0.9047619047619048,81.0,68.0,95.0
Kisumu,Both,small,100,175,478.5,311.0,715.5,207.0,117.75,322.0,256.0,150.2,401.5,0.45714285714285713,0.3619047619047619,0.580952380952381,48.0,38.0,61.0,0.4095238095238095,0.3238095238095238,0.5238095238095238,43.0,34.0,55.0,0.3904761904761905,0.3142857142857143,0.5047619047619047,41.0,33.0,53.0
Ukunda,Both,small,100,175,2.352e3,1.476e3,3.428e3,1.088e3,641.0,1.652e3,1.207e3,705.0,1.844e3,0.8095238095238095,0.7142857142857143,0.9428571428571428,85.0,75.0,99.0,0.7904761904761904,0.6666666666666666,0.8952380952380953,83.0,70.0,94.0,0.7523809523809524,0.6571428571428571,0.8761904761904762,79.0,69.0,92.0
Kisumu,Both,small,100,250,508.0,315.2,775.0,212.0,122.0,354.0,271.5,150.0,449.5,0.5047619047619047,0.4095238095238095,0.6190476190476191,53.0,43.0,65.0,0.47619047619047616,0.3619047619047619,0.580952380952381,50.0,38.0,61.0,0.45714285714285713,0.3523809523809524,0.5619047619047619,48.0,37.0,59.0
Ukunda,Both,small,100,250,2.66e3,1.698e3,3.808e3,1.226e3,739.0,1.8e3,1.382e3,833.0,2.058e3,0.8571428571428571,0.7523809523809524,0.9619047619047619,90.0,79.0,101.0,0.8,0.7142857142857143,0.9047619047619048,84.0,75.0,95.0,0.780952380952381,0.7047619047619048,0.8761904761904762,82.0,74.0,92.0
Kisumu,Both,both,25,1,318.5,199.8,544.5,134.0,70.75,237.8,165.5,90.0,310.2,0.42857142857142855,0.3142857142857143,0.6666666666666666,45.0,33.0,70.0,0.34285714285714286,0.24761904761904763,0.580952380952381,36.0,26.0,61.0,0.34285714285714286,0.23809523809523808,0.6190476190476191,36.0,25.0,65.0
Ukunda,Both,both,25,1,2.182e3,1.124e3,3.376e3,969.0,460.2,1.602e3,1.12e3,522.5,1.833e3,1.0,0.8285714285714286,1.0,105.0,87.0,105.0,0.9333333333333333,0.7904761904761904,1.0,98.0,83.0,105.0,0.9428571428571428,0.7714285714285715,0.9904761904761905,99.0,81.0,104.0
Kisumu,Both,both,25,50,431.0,273.8,718.0,178.5,100.75,315.5,229.5,130.8,415.5,0.5047619047619047,0.3523809523809524,0.7523809523809524,53.0,37.0,79.0,0.41904761904761906,0.2857142857142857,0.7047619047619048,44.0,30.0,74.0,0.41904761904761906,0.2857142857142857,0.6857142857142857,44.0,30.0,72.0
Ukunda,Both,both,25,50,2.474e3,1.474e3,3.684e3,1.108e3,618.5,1.73e3,1.303e3,712.0,2.023e3,0.9619047619047619,0.8380952380952381,1.0,101.0,88.0,105.0,0.8952380952380953,0.8095238095238095,1.0,94.0,85.0,105.0,0.8761904761904762,0.780952380952381,0.9904761904761905,92.0,82.0,104.0
Kisumu,Both,both,25,100,505.5,309.0,875.0,208.0,116.75,374.8,264.5,147.5,507.2,0.580952380952381,0.3904761904761905,0.8476190476190476,61.0,41.0,89.0,0.47619047619047616,0.3238095238095238,0.7428571428571429,50.0,34.0,78.0,0.4666666666666667,0.3047619047619048,0.7904761904761904,49.0,32.0,83.0
Ukunda,Both,both,25,100,2.654e3,1.635e3,3.91e3,1.188e3,688.5,1.819e3,1.403e3,798.0,2.166e3,0.9333333333333333,0.819047619047619,1.0,98.0,86.0,105.0,0.8761904761904762,0.7714285714285715,1.0,92.0,81.0,105.0,0.8761904761904762,0.7619047619047619,0.9904761904761905,92.0,80.0,104.0
Kisumu,Both,both,25,250,622.5,341.8,1.114e3,256.5,125.75,478.5,334.0,170.0,643.0,0.6761904761904762,0.42857142857142855,0.8952380952380953,71.0,45.0,94.0,0.638095238095238,0.37142857142857144,0.8476190476190476,67.0,39.0,89.0,0.6285714285714286,0.37142857142857144,0.8476190476190476,66.0,39.0,89.0
Ukunda,Both,both,25,250,3.176e3,2.112e3,4.47e3,1.408e3,878.0,2.045e3,1.703e3,1.086e3,2.486e3,0.9238095238095239,0.8285714285714286,1.0,97.0,87.0,105.0,0.8571428571428571,0.780952380952381,0.9809523809523809,90.0,82.0,103.0,0.8571428571428571,0.7714285714285715,0.9904761904761905,90.0,81.0,104.0
Kisumu,Both,both,50,1,201.5,126.5,308.2,78.0,44.0,135.2,105.0,56.0,179.2,0.2761904761904762,0.20952380952380953,0.3904761904761905,29.0,22.0,41.0,0.21904761904761905,0.1619047619047619,0.3333333333333333,23.0,17.0,35.0,0.23809523809523808,0.1619047619047619,0.3238095238095238,25.0,17.0,34.0
Ukunda,Both,both,50,1,433.5,200.0,982.5,207.5,85.0,478.5,191.5,70.0,498.5,0.5142857142857142,0.3333333333333333,0.7904761904761904,54.0,35.0,83.0,0.4380952380952381,0.2761904761904762,0.7428571428571429,46.0,29.0,78.0,0.41904761904761906,0.22857142857142856,0.7238095238095238,44.0,24.0,76.0
Kisumu,Both,both,50,50,331.0,222.0,483.5,139.0,83.75,217.2,177.5,106.0,278.0,0.34285714285714286,0.26666666666666666,0.45714285714285713,36.0,28.0,48.0,0.3047619047619048,0.22857142857142856,0.4,32.0,24.0,42.0,0.29523809523809524,0.22857142857142856,0.3904761904761905,31.0,24.0,41.0
Ukunda,Both,both,50,50,933.0,515.0,1.596e3,426.0,220.0,776.0,450.0,223.2,845.0,0.6476190476190476,0.45714285714285713,0.8285714285714286,68.0,48.0,87.0,0.6190476190476191,0.41904761904761906,0.7904761904761904,65.0,44.0,83.0,0.5619047619047619,0.38095238095238093,0.7619047619047619,59.0,40.0,80.0
Kisumu,Both,both,50,100,436.5,291.8,623.0,177.5,105.0,272.2,237.0,138.0,365.8,0.4095238095238095,0.3238095238095238,0.5142857142857142,43.0,34.0,54.0,0.34285714285714286,0.26666666666666666,0.44761904761904764,36.0,28.0,47.0,0.3619047619047619,0.2857142857142857,0.4666666666666667,38.0,30.0,49.0
Ukunda,Both,both,50,100,1.444e3,842.0,2.19e3,651.5,363.5,1.045e3,723.0,398.5,1.176e3,0.7142857142857143,0.5714285714285714,0.8571428571428571,75.0,60.0,90.0,0.6666666666666666,0.5047619047619047,0.8095238095238095,70.0,53.0,85.0,0.6666666666666666,0.49523809523809526,0.7904761904761904,70.0,52.0,83.0
Kisumu,Both,both,50,250,559.0,339.8,877.0,232.0,125.75,381.8,298.5,163.0,507.0,0.5428571428571428,0.41904761904761906,0.7142857142857143,57.0,44.0,75.0,0.49523809523809526,0.37142857142857144,0.6476190476190476,52.0,39.0,68.0,0.49523809523809526,0.3619047619047619,0.6476190476190476,52.0,38.0,68.0
Ukunda,Both,both,50,250,2.546e3,1.709e3,3.518e3,1.146e3,726.0,1.634e3,1.337e3,846.0,1.917e3,0.7714285714285715,0.6952380952380952,0.8571428571428571,81.0,73.0,90.0,0.7333333333333333,0.6476190476190476,0.819047619047619,77.0,68.0,86.0,0.7142857142857143,0.6476190476190476,0.819047619047619,75.0,68.0,86.0
Kisumu,Both,both,75,1,126.0,83.0,185.0,48.0,28.0,81.0,69.0,40.0,111.5,0.19047619047619047,0.1523809523809524,0.24761904761904763,20.0,16.0,26.0,0.1523809523809524,0.11428571428571428,0.21904761904761905,16.0,12.0,23.0,0.1619047619047619,0.11428571428571428,0.21904761904761905,17.0,12.0,23.0
Ukunda,Both,both,75,1,141.5,77.0,247.0,72.0,37.0,131.5,54.0,20.0,122.25,0.21904761904761905,0.14285714285714285,0.3047619047619048,23.0,15.0,32.0,0.19047619047619047,0.11428571428571428,0.2857142857142857,20.0,12.0,30.0,0.1523809523809524,0.09523809523809523,0.23809523809523808,16.0,10.0,25.0
Kisumu,Both,both,75,50,286.5,198.0,393.0,118.5,77.0,175.2,156.0,95.5,233.5,0.2761904761904762,0.21904761904761905,0.3333333333333333,29.0,23.0,35.0,0.22857142857142856,0.19047619047619047,0.29523809523809524,24.0,20.0,31.0,0.24761904761904763,0.19047619047619047,0.3047619047619048,26.0,20.0,32.0
Ukunda,Both,both,75,50,466.5,286.0,709.5,213.5,120.0,350.5,229.5,121.75,372.0,0.3333333333333333,0.2761904761904762,0.41904761904761906,35.0,29.0,44.0,0.3047619047619048,0.23809523809523808,0.3904761904761905,32.0,25.0,41.0,0.2761904761904762,0.22857142857142856,0.3523809523809524,29.0,24.0,37.0
Kisumu,Both,both,75,100,385.0,258.0,544.0,164.0,97.0,241.2,212.0,124.0,325.5,0.3238095238095238,0.2761904761904762,0.4095238095238095,34.0,29.0,43.0,0.29523809523809524,0.23809523809523808,0.3619047619047619,31.0,25.0,38.0,0.29523809523809524,0.23809523809523808,0.3619047619047619,31.0,25.0,38.0
Ukunda,Both,both,75,100,959.0,571.5,1.428e3,433.0,250.8,677.0,492.5,268.0,765.0,0.4380952380952381,0.38095238095238093,0.5238095238095238,46.0,40.0,55.0,0.4095238095238095,0.3523809523809524,0.49523809523809526,43.0,37.0,52.0,0.38095238095238093,0.3142857142857143,0.45714285714285713,40.0,33.0,48.0
Kisumu,Both,both,75,250,562.0,348.0,832.0,232.5,128.0,365.5,302.5,171.8,491.0,0.49523809523809526,0.4095238095238095,0.5714285714285714,52.0,43.0,60.0,0.4666666666666667,0.34285714285714286,0.5142857142857142,49.0,36.0,54.0,0.44761904761904764,0.3523809523809524,0.5333333333333333,47.0,37.0,56.0
Ukunda,Both,both,75,250,2.156e3,1.445e3,2.928e3,975.5,638.0,1.383e3,1.123e3,709.0,1.608e3,0.6190476190476191,0.5619047619047619,0.6761904761904762,65.0,59.0,71.0,0.5904761904761905,0.5238095238095238,0.6571428571428571,62.0,55.0,69.0,0.5619047619047619,0.5142857142857142,0.6285714285714286,59.0,54.0,66.0
Kisumu,Both,both,100,1,77.0,54.0,107.0,26.0,16.0,38.0,48.0,28.0,74.25,0.12380952380952381,0.10476190476190476,0.1523809523809524,13.0,11.0,16.0,0.08571428571428572,0.05714285714285714,0.10476190476190476,9.0,6.0,11.0,0.11428571428571428,0.09523809523809523,0.14285714285714285,12.0,10.0,15.0
Ukunda,Both,both,100,1,58.0,39.0,89.0,35.0,21.75,49.0,19.0,6.0,42.0,0.10476190476190476,0.08571428571428572,0.13333333333333333,11.0,9.0,14.0,0.0761904761904762,0.06666666666666667,0.10476190476190476,8.0,7.0,11.0,0.08571428571428572,0.05714285714285714,0.11428571428571428,9.0,6.0,12.0
Kisumu,Both,both,100,50,244.5,177.0,333.0,104.5,69.0,147.2,137.5,83.0,199.5,0.21904761904761905,0.19047619047619047,0.2571428571428571,23.0,20.0,27.0,0.19047619047619047,0.1619047619047619,0.21904761904761905,20.0,17.0,23.0,0.2,0.1619047619047619,0.22857142857142856,21.0,17.0,24.0
Ukunda,Both,both,100,50,326.0,222.2,453.2,147.0,94.0,214.8,166.0,102.75,257.0,0.22857142857142856,0.2,0.2571428571428571,24.0,21.0,27.0,0.2,0.17142857142857143,0.22857142857142856,21.0,18.0,24.0,0.2,0.17142857142857143,0.23809523809523808,21.0,18.0,25.0
Kisumu,Both,both,100,100,369.0,259.8,500.8,151.5,95.5,217.0,209.0,135.2,305.5,0.2857142857142857,0.2571428571428571,0.3142857142857143,30.0,27.0,33.0,0.2571428571428571,0.21904761904761905,0.2857142857142857,27.0,23.0,30.0,0.26666666666666666,0.23809523809523808,0.3047619047619048,28.0,25.0,32.0
Ukunda,Both,both,100,100,780.0,516.5,1.091e3,344.5,210.8,499.2,421.0,253.2,615.0,0.3238095238095238,0.29523809523809524,0.3523809523809524,34.0,31.0,37.0,0.29523809523809524,0.26666666666666666,0.3238095238095238,31.0,28.0,34.0,0.29523809523809524,0.26666666666666666,0.3333333333333333,31.0,28.0,35.0
Kisumu,Both,both,100,175,480.5,315.8,684.0,200.0,117.75,299.2,265.0,158.8,407.8,0.3619047619047619,0.3238095238095238,0.4095238095238095,38.0,34.0,43.0,0.3333333333333333,0.3047619047619048,0.37142857142857144,35.0,32.0,39.0,0.34285714285714286,0.3047619047619048,0.3904761904761905,36.0,32.0,41.0
Ukunda,Both,both,100,175,1.38e3,915.0,1.934e3,625.5,388.8,889.5,732.5,456.8,1.075e3,0.42857142857142855,0.4,0.45714285714285713,45.0,42.0,48.0,0.4,0.38095238095238093,0.42857142857142855,42.0,40.0,45.0,0.4,0.37142857142857144,0.42857142857142855,42.0,39.0,45.0
Kisumu,Both,both,100,250,521.5,331.8,762.5,220.0,123.75,339.2,288.0,165.8,447.0,0.44761904761904764,0.4,0.4857142857142857,47.0,42.0,51.0,0.41904761904761906,0.3523809523809524,0.45714285714285713,44.0,37.0,48.0,0.42857142857142855,0.3619047619047619,0.47619047619047616,45.0,38.0,50.0
Ukunda,Both,both,100,250,2.012e3,1.396e3,2.656e3,908.0,607.0,1.244e3,1.065e3,699.0,1.463e3,0.5142857142857142,0.49523809523809526,0.5523809523809524,54.0,52.0,58.0,0.49523809523809526,0.47619047619047616,0.5238095238095238,52.0,50.0,55.0,0.49523809523809526,0.4666666666666667,0.5238095238095238,52.0,49.0,55.0
Kisumu,Household,big,25,1,578.5,294.5,1.198e3,226.0,104.75,506.2,311.5,141.5,701.0,0.7619047619047619,0.4380952380952381,1.0,80.0,46.0,105.0,0.6761904761904762,0.3238095238095238,1.0,71.0,34.0,105.0,0.6761904761904762,0.3333333333333333,1.0,71.0,35.0,105.0
Ukunda,Household,big,25,1,3.552e3,2.298e3,5.044e3,1.499e3,916.0,2.2e3,1.992e3,1.227e3,2.92e3,1.0,0.8952380952380953,1.0,105.0,94.0,105.0,0.9523809523809523,0.8476190476190476,1.0,100.0,89.0,105.0,0.9714285714285714,0.8476190476190476,0.9904761904761905,102.0,89.0,104.0
Kisumu,Household,big,25,50,607.0,319.5,1.232e3,238.5,117.75,519.0,324.0,155.2,708.0,0.7714285714285715,0.42857142857142855,1.0,81.0,45.0,105.0,0.6952380952380952,0.34285714285714286,1.0,73.0,36.0,105.0,0.6761904761904762,0.34285714285714286,1.0,71.0,36.0,105.0
Ukunda,Household,big,25,50,3.574e3,2.352e3,4.97e3,1.494e3,935.5,2.184e3,2.006e3,1.257e3,2.88e3,1.0,0.8952380952380953,1.0,105.0,94.0,105.0,0.9333333333333333,0.8380952380952381,1.0,98.0,88.0,105.0,0.9714285714285714,0.8285714285714286,0.9904761904761905,102.0,87.0,104.0
Kisumu,Household,big,25,100,592.0,310.0,1.218e3,228.5,113.0,517.0,314.0,147.5,717.5,0.7428571428571429,0.4095238095238095,1.0,78.0,43.0,105.0,0.6666666666666666,0.3238095238095238,1.0,70.0,34.0,105.0,0.6761904761904762,0.3333333333333333,1.0,71.0,35.0,105.0
Ukunda,Household,big,25,100,3.6e3,2.286e3,5.144e3,1.51e3,915.0,2.25e3,2.012e3,1.222e3,2.956e3,1.0,0.8952380952380953,1.0,105.0,94.0,105.0,0.9523809523809523,0.8380952380952381,1.0,100.0,88.0,105.0,0.9809523809523809,0.8571428571428571,0.9904761904761905,103.0,90.0,104.0
Kisumu,Household,big,25,250,658.0,333.8,1.306e3,263.5,123.0,558.0,345.0,152.8,759.5,0.8285714285714286,0.4666666666666667,1.0,87.0,49.0,105.0,0.7333333333333333,0.3619047619047619,1.0,77.0,38.0,105.0,0.7428571428571429,0.3523809523809524,1.0,78.0,37.0,105.0
Ukunda,Household,big,25,250,3.634e3,2.382e3,5.11e3,1.56e3,964.5,2.274e3,2.01e3,1.266e3,2.924e3,1.0,0.8857142857142857,1.0,105.0,93.0,105.0,0.9428571428571428,0.8285714285714286,1.0,99.0,87.0,105.0,0.9619047619047619,0.8285714285714286,0.9904761904761905,101.0,87.0,104.0
Kisumu,Household,big,50,1,458.5,249.0,962.5,174.0,87.0,387.2,248.5,127.0,570.5,0.6190476190476191,0.37142857142857144,1.0,65.0,39.0,105.0,0.5047619047619047,0.2857142857142857,0.9428571428571428,53.0,30.0,99.0,0.5142857142857142,0.3047619047619048,1.0,54.0,32.0,105.0
Ukunda,Household,big,50,1,3.076e3,1.902e3,4.49e3,1.212e3,702.0,1.846e3,1.8e3,1.045e3,2.706e3,1.0,0.9047619047619048,1.0,105.0,95.0,105.0,0.9523809523809523,0.8380952380952381,1.0,100.0,88.0,105.0,0.9809523809523809,0.8380952380952381,0.9904761904761905,103.0,88.0,104.0
Kisumu,Household,big,50,50,532.0,296.8,1.08e3,206.5,105.0,445.2,285.0,142.8,640.0,0.6761904761904762,0.41904761904761906,1.0,71.0,44.0,105.0,0.580952380952381,0.3238095238095238,0.9809523809523809,61.0,34.0,103.0,0.638095238095238,0.34285714285714286,1.0,67.0,36.0,105.0
Ukunda,Household,big,50,50,3.174e3,2.001e3,4.496e3,1.262e3,755.0,1.879e3,1.83e3,1.105e3,2.692e3,0.9904761904761905,0.8952380952380953,1.0,104.0,94.0,105.0,0.9333333333333333,0.819047619047619,1.0,98.0,86.0,105.0,0.9714285714285714,0.8285714285714286,0.9904761904761905,102.0,87.0,104.0
Kisumu,Household,big,50,100,575.0,320.5,1.122e3,225.5,117.0,461.5,306.5,154.2,663.0,0.6952380952380952,0.42857142857142855,1.0,73.0,45.0,105.0,0.6285714285714286,0.3238095238095238,0.9523809523809523,66.0,34.0,100.0,0.638095238095238,0.34285714285714286,1.0,67.0,36.0,105.0
Ukunda,Household,big,50,100,3.204e3,2.042e3,4.588e3,1.294e3,779.0,1.928e3,1.844e3,1.112e3,2.74e3,0.9904761904761905,0.8857142857142857,1.0,104.0,93.0,105.0,0.9333333333333333,0.819047619047619,1.0,98.0,86.0,105.0,0.9428571428571428,0.8285714285714286,0.9904761904761905,99.0,87.0,104.0
Kisumu,Household,big,50,250,618.5,333.5,1.192e3,246.5,123.0,500.5,336.5,158.2,704.5,0.7523809523809524,0.45714285714285713,1.0,79.0,48.0,105.0,0.6857142857142857,0.3619047619047619,1.0,72.0,38.0,105.0,0.6761904761904762,0.37142857142857144,1.0,71.0,39.0,105.0
Ukunda,Household,big,50,250,3.476e3,2.266e3,4.828e3,1.437e3,894.0,2.096e3,1.964e3,1.218e3,2.824e3,0.9714285714285714,0.8571428571428571,1.0,102.0,90.0,105.0,0.8952380952380953,0.8095238095238095,1.0,94.0,85.0,105.0,0.9238095238095239,0.8095238095238095,0.9904761904761905,97.0,85.0,104.0
Kisumu,Household,big,75,1,390.0,223.8,763.0,133.0,70.25,287.5,222.5,117.0,477.5,0.5142857142857142,0.3333333333333333,0.8666666666666667,54.0,35.0,91.0,0.3904761904761905,0.2761904761904762,0.7714285714285715,41.0,29.0,81.0,0.4380952380952381,0.2857142857142857,0.7904761904761904,46.0,30.0,83.0
Ukunda,Household,big,75,1,2.138e3,1.106e3,3.34e3,735.5,334.0,1.248e3,1.322e3,632.5,2.168e3,1.0,0.8571428571428571,1.0,105.0,90.0,105.0,0.9142857142857143,0.7904761904761904,1.0,96.0,83.0,105.0,0.9714285714285714,0.8,0.9904761904761905,102.0,84.0,104.0
Kisumu,Household,big,75,50,468.0,288.8,868.0,175.5,97.0,335.2,267.5,148.5,542.0,0.5523809523809524,0.37142857142857144,0.8857142857142857,58.0,39.0,93.0,0.4380952380952381,0.2857142857142857,0.7904761904761904,46.0,30.0,83.0,0.47619047619047616,0.3238095238095238,0.8095238095238095,50.0,34.0,85.0
Ukunda,Household,big,75,50,2.404e3,1.384e3,3.608e3,853.0,452.5,1.366e3,1.466e3,802.0,2.302e3,0.9904761904761905,0.8380952380952381,1.0,104.0,88.0,105.0,0.8952380952380953,0.780952380952381,1.0,94.0,82.0,105.0,0.9523809523809523,0.8,0.9904761904761905,100.0,84.0,104.0
Kisumu,Household,big,75,100,506.0,302.5,979.0,194.0,107.5,392.2,281.0,146.5,590.0,0.5904761904761905,0.4,0.9523809523809523,62.0,42.0,100.0,0.4857142857142857,0.3047619047619048,0.8380952380952381,51.0,32.0,88.0,0.5047619047619047,0.3333333333333333,0.8761904761904762,53.0,35.0,92.0
Ukunda,Household,big,75,100,2.508e3,1.494e3,3.744e3,931.0,510.5,1.446e3,1.512e3,841.0,2.346e3,0.9523809523809523,0.8285714285714286,1.0,100.0,87.0,105.0,0.8761904761904762,0.7714285714285715,1.0,92.0,81.0,105.0,0.9047619047619048,0.7904761904761904,0.9904761904761905,95.0,83.0,104.0
Kisumu,Household,big,75,250,583.5,327.2,1.064e3,234.5,120.0,451.5,318.0,153.0,631.0,0.7047619047619048,0.45714285714285713,0.9428571428571428,74.0,48.0,99.0,0.6476190476190476,0.3523809523809524,0.8571428571428571,68.0,37.0,90.0,0.6761904761904762,0.3523809523809524,0.8666666666666667,71.0,37.0,91.0
Ukunda,Household,big,75,250,3.106e3,2.038e3,4.376e3,1.248e3,778.0,1.832e3,1.798e3,1.108e3,2.628e3,0.9428571428571428,0.8380952380952381,1.0,99.0,88.0,105.0,0.8666666666666667,0.7619047619047619,0.9904761904761905,91.0,80.0,104.0,0.8857142857142857,0.8095238095238095,0.9904761904761905,93.0,85.0,104.0
Kisumu,Household,big,100,1,303.0,188.8,500.2,94.0,48.75,175.2,192.0,102.0,341.5,0.4095238095238095,0.3047619047619048,0.6571428571428571,43.0,32.0,69.0,0.3142857142857143,0.20952380952380953,0.5238095238095238,33.0,22.0,55.0,0.37142857142857144,0.24761904761904763,0.5904761904761905,39.0,26.0,62.0
Ukunda,Household,big,100,1,512.5,191.5,1.388e3,112.5,41.0,347.0,350.5,117.5,1.019e3,0.6571428571428571,0.34285714285714286,0.9523809523809523,69.0,36.0,100.0,0.44761904761904764,0.21904761904761905,0.8285714285714286,47.0,23.0,87.0,0.6190476190476191,0.3047619047619048,0.9142857142857143,65.0,32.0,96.0
Kisumu,Household,big,100,50,406.5,253.0,686.5,145.5,82.0,258.5,233.5,132.0,436.0,0.45714285714285713,0.3333333333333333,0.7428571428571429,48.0,35.0,78.0,0.3523809523809524,0.23809523809523808,0.6571428571428571,37.0,25.0,69.0,0.41904761904761906,0.2857142857142857,0.6571428571428571,44.0,30.0,69.0
Ukunda,Household,big,100,50,1.122e3,580.0,1.958e3,313.0,154.8,584.0,759.0,346.0,1.403e3,0.780952380952381,0.5142857142857142,0.9523809523809523,82.0,54.0,100.0,0.6666666666666666,0.3619047619047619,0.8380952380952381,70.0,38.0,88.0,0.7428571428571429,0.47619047619047616,0.8761904761904762,78.0,50.0,92.0
Kisumu,Household,big,100,100,464.0,293.8,783.5,175.5,101.75,298.0,261.0,151.0,484.8,0.5142857142857142,0.3523809523809524,0.7619047619047619,54.0,37.0,80.0,0.4095238095238095,0.26666666666666666,0.6666666666666666,43.0,28.0,70.0,0.44761904761904764,0.3238095238095238,0.7238095238095238,47.0,34.0,76.0
Ukunda,Household,big,100,100,1.575e3,891.5,2.484e3,498.5,272.2,823.0,1.027e3,524.5,1.699e3,0.8,0.6285714285714286,0.9333333333333333,84.0,66.0,98.0,0.7047619047619048,0.49523809523809526,0.8285714285714286,74.0,52.0,87.0,0.7619047619047619,0.580952380952381,0.8857142857142857,80.0,61.0,93.0
Kisumu,Household,big,100,250,576.5,326.5,1.0115e3,229.5,122.75,416.2,315.0,156.0,612.0,0.6571428571428571,0.4380952380952381,0.8666666666666667,69.0,46.0,91.0,0.5333333333333333,0.3523809523809524,0.7714285714285715,56.0,37.0,81.0,0.6190476190476191,0.3619047619047619,0.819047619047619,65.0,38.0,86.0
Ukunda,Household,big,100,250,2.662e3,1.762e3,3.714e3,1.03e3,642.0,1.475e3,1.578e3,987.0,2.308e3,0.8666666666666667,0.780952380952381,0.9714285714285714,91.0,82.0,102.0,0.7714285714285715,0.6761904761904762,0.8761904761904762,81.0,71.0,92.0,0.8285714285714286,0.7428571428571429,0.9523809523809523,87.0,78.0,100.0
Kisumu,Household,small,25,1,609.5,307.5,1.215e3,233.0,114.0,516.0,320.5,142.0,704.0,0.780952380952381,0.42857142857142855,1.0,82.0,45.0,105.0,0.6761904761904762,0.3333333333333333,1.0,71.0,35.0,105.0,0.7047619047619048,0.3333333333333333,1.0,74.0,35.0,105.0
Ukunda,Household,small,25,1,3.724e3,2.432e3,5.24e3,1.606e3,995.0,2.364e3,2.052e3,1.293e3,2.978e3,1.0,0.9047619047619048,1.0,105.0,95.0,105.0,0.9333333333333333,0.8380952380952381,1.0,98.0,88.0,105.0,0.9619047619047619,0.8571428571428571,0.9904761904761905,101.0,90.0,104.0
Kisumu,Household,small,25,50,674.0,338.8,1.317e3,262.5,122.0,549.5,366.0,163.0,775.0,0.8285714285714286,0.47619047619047616,1.0,87.0,50.0,105.0,0.7238095238095238,0.3619047619047619,1.0,76.0,38.0,105.0,0.7428571428571429,0.37142857142857144,1.0,78.0,39.0,105.0
Ukunda,Household,small,25,50,3.81e3,2.608e3,5.19e3,1.632e3,1.066e3,2.334e3,2.102e3,1.372e3,2.958e3,1.0,0.8952380952380953,1.0,105.0,94.0,105.0,0.9333333333333333,0.8380952380952381,1.0,98.0,88.0,105.0,0.9619047619047619,0.8380952380952381,0.9904761904761905,101.0,88.0,104.0
Kisumu,Household,small,25,100,625.5,320.2,1.242e3,244.5,117.0,533.0,338.0,150.2,722.5,0.7904761904761904,0.44761904761904764,1.0,83.0,47.0,105.0,0.7142857142857143,0.34285714285714286,1.0,75.0,36.0,105.0,0.7142857142857143,0.3523809523809524,1.0,75.0,37.0,105.0
Ukunda,Household,small,25,100,3.796e3,2.586e3,5.212e3,1.634e3,1.062e3,2.332e3,2.088e3,1.356e3,2.966e3,0.9904761904761905,0.8952380952380953,1.0,104.0,94.0,105.0,0.9238095238095239,0.8380952380952381,1.0,97.0,88.0,105.0,0.9523809523809523,0.8380952380952381,0.9904761904761905,100.0,88.0,104.0
Kisumu,Household,small,25,250,625.0,324.2,1.274e3,246.5,118.0,540.0,329.5,151.8,738.0,0.7523809523809524,0.4380952380952381,1.0,79.0,46.0,105.0,0.6857142857142857,0.3619047619047619,1.0,72.0,38.0,105.0,0.6952380952380952,0.34285714285714286,1.0,73.0,36.0,105.0
Ukunda,Household,small,25,250,3.724e3,2.454e3,5.264e3,1.613e3,1.01e3,2.35e3,2.056e3,1.275e3,2.976e3,0.9904761904761905,0.8952380952380953,1.0,104.0,94.0,105.0,0.9333333333333333,0.8476190476190476,1.0,98.0,89.0,105.0,0.9619047619047619,0.8380952380952381,0.9904761904761905,101.0,88.0,104.0
Kisumu,Household,small,50,1,527.5,289.5,1.044e3,200.0,97.75,425.5,280.5,141.0,615.0,0.6952380952380952,0.4095238095238095,1.0,73.0,43.0,105.0,0.6,0.3238095238095238,0.9809523809523809,63.0,34.0,103.0,0.6285714285714286,0.3333333333333333,0.9809523809523809,66.0,35.0,103.0
Ukunda,Household,small,50,1,3.744e3,2.47e3,5.19e3,1.582e3,986.0,2.3e3,2.076e3,1.304e3,3.0e3,1.0,0.8952380952380953,1.0,105.0,94.0,105.0,0.9428571428571428,0.8380952380952381,1.0,99.0,88.0,105.0,0.9619047619047619,0.8380952380952381,0.9904761904761905,101.0,88.0,104.0
Kisumu,Household,small,50,50,508.0,287.8,1.042e3,195.0,108.75,418.5,277.5,140.0,614.0,0.6285714285714286,0.3904761904761905,1.0,66.0,41.0,105.0,0.49523809523809526,0.3047619047619048,0.9238095238095239,52.0,32.0,97.0,0.5333333333333333,0.3238095238095238,0.9714285714285714,56.0,34.0,102.0
Ukunda,Household,small,50,50,3.668e3,2.46e3,5.08e3,1.566e3,998.0,2.268e3,2.028e3,1.302e3,2.916e3,1.0,0.8952380952380953,1.0,105.0,94.0,105.0,0.9238095238095239,0.8380952380952381,1.0,97.0,88.0,105.0,0.9523809523809523,0.8380952380952381,0.9904761904761905,100.0,88.0,104.0
Kisumu,Household,small,50,100,582.5,318.8,1.124e3,228.0,113.0,470.5,305.5,151.8,666.0,0.7142857142857143,0.41904761904761906,1.0,75.0,44.0,105.0,0.638095238095238,0.3333333333333333,1.0,67.0,35.0,105.0,0.6666666666666666,0.3619047619047619,1.0,70.0,38.0,105.0
Ukunda,Household,small,50,100,3.698e3,2.456e3,5.17e3,1.576e3,991.5,2.296e3,2.06e3,1.309e3,2.956e3,0.9904761904761905,0.8857142857142857,1.0,104.0,93.0,105.0,0.9238095238095239,0.8285714285714286,1.0,97.0,87.0,105.0,0.9333333333333333,0.8285714285714286,0.9904761904761905,98.0,87.0,104.0
Kisumu,Household,small,50,250,619.5,340.8,1.179e3,248.5,122.0,498.5,338.0,162.0,695.5,0.7142857142857143,0.4666666666666667,1.0,75.0,49.0,105.0,0.6666666666666666,0.3523809523809524,1.0,70.0,37.0,105.0,0.6761904761904762,0.3619047619047619,1.0,71.0,38.0,105.0
Ukunda,Household,small,50,250,3.7e3,2.484e3,5.12e3,1.582e3,1.012e3,2.294e3,2.038e3,1.32e3,2.924e3,0.9904761904761905,0.8952380952380953,1.0,104.0,94.0,105.0,0.9142857142857143,0.8476190476190476,1.0,96.0,89.0,105.0,0.9333333333333333,0.8380952380952381,0.9904761904761905,98.0,88.0,104.0
Kisumu,Household,small,75,1,446.0,261.0,819.0,164.5,85.75,324.2,252.5,135.2,502.0,0.6,0.3619047619047619,0.8476190476190476,63.0,38.0,89.0,0.42857142857142855,0.2761904761904762,0.780952380952381,45.0,29.0,82.0,0.5047619047619047,0.3047619047619048,0.8,53.0,32.0,84.0
Ukunda,Household,small,75,1,3.55e3,2.316e3,4.988e3,1.49e3,919.5,2.184e3,1.99e3,1.22e3,2.88e3,1.0,0.9142857142857143,1.0,105.0,96.0,105.0,0.9428571428571428,0.8476190476190476,1.0,99.0,89.0,105.0,0.9619047619047619,0.8380952380952381,0.9904761904761905,101.0,88.0,104.0
Kisumu,Household,small,75,50,500.5,303.0,936.0,189.5,108.0,378.8,277.0,149.2,562.0,0.6,0.3904761904761905,0.8952380952380953,63.0,41.0,94.0,0.47619047619047616,0.3047619047619048,0.8,50.0,32.0,84.0,0.5047619047619047,0.3142857142857143,0.819047619047619,53.0,33.0,86.0
Ukunda,Household,small,75,50,3.562e3,2.28e3,5.052e3,1.494e3,909.0,2.234e3,1.986e3,1.216e3,2.926e3,1.0,0.8857142857142857,1.0,105.0,93.0,105.0,0.9523809523809523,0.8476190476190476,1.0,100.0,89.0,105.0,0.9809523809523809,0.8285714285714286,0.9904761904761905,103.0,87.0,104.0
Kisumu,Household,small,75,100,513.0,302.5,993.0,199.0,112.5,401.8,280.5,146.0,584.0,0.638095238095238,0.3904761904761905,1.0,67.0,41.0,105.0,0.4666666666666667,0.29523809523809524,0.8666666666666667,49.0,31.0,91.0,0.5142857142857142,0.3238095238095238,0.9142857142857143,54.0,34.0,96.0
Ukunda,Household,small,75,100,3.588e3,2.356e3,5.07e3,1.513e3,925.0,2.222e3,2.014e3,1.25e3,2.938e3,1.0,0.8952380952380953,1.0,105.0,94.0,105.0,0.9238095238095239,0.8380952380952381,1.0,97.0,88.0,105.0,0.9714285714285714,0.8476190476190476,0.9904761904761905,102.0,89.0,104.0
Kisumu,Household,small,75,250,611.0,323.2,1.139e3,234.5,123.75,473.5,328.5,151.8,679.0,0.7428571428571429,0.4380952380952381,1.0,78.0,46.0,105.0,0.6285714285714286,0.37142857142857144,0.9619047619047619,66.0,39.0,101.0,0.6761904761904762,0.34285714285714286,1.0,71.0,36.0,105.0
Ukunda,Household,small,75,250,3.704e3,2.426e3,5.15e3,1.574e3,980.5,2.29e3,2.056e3,1.289e3,2.948e3,0.9904761904761905,0.8952380952380953,1.0,104.0,94.0,105.0,0.9238095238095239,0.8285714285714286,1.0,97.0,87.0,105.0,0.9428571428571428,0.8285714285714286,0.9904761904761905,99.0,87.0,104.0
Kisumu,Household,small,100,1,404.5,254.0,710.0,145.0,79.0,263.5,241.0,137.0,451.5,0.49523809523809526,0.3333333333333333,0.7523809523809524,52.0,35.0,79.0,0.38095238095238093,0.26666666666666666,0.6666666666666666,40.0,28.0,70.0,0.42857142857142855,0.29523809523809524,0.7238095238095238,45.0,31.0,76.0
Ukunda,Household,small,100,1,3.448e3,2.258e3,4.84e3,1.431e3,888.5,2.1e3,1.944e3,1.214e3,2.826e3,1.0,0.8952380952380953,1.0,105.0,94.0,105.0,0.9333333333333333,0.8380952380952381,1.0,98.0,88.0,105.0,0.9714285714285714,0.8380952380952381,0.9904761904761905,102.0,88.0,104.0
Kisumu,Household,small,100,50,460.5,282.0,826.5,173.5,95.0,314.5,260.0,138.5,515.0,0.5142857142857142,0.3619047619047619,0.819047619047619,54.0,38.0,86.0,0.4,0.26666666666666666,0.7238095238095238,42.0,28.0,76.0,0.47619047619047616,0.3238095238095238,0.780952380952381,50.0,34.0,82.0
Ukunda,Household,small,100,50,3.472e3,2.224e3,4.91e3,1.443e3,875.0,2.136e3,1.946e3,1.199e3,2.866e3,0.9904761904761905,0.8857142857142857,1.0,104.0,93.0,105.0,0.9238095238095239,0.8285714285714286,1.0,97.0,87.0,105.0,0.9428571428571428,0.8380952380952381,0.9904761904761905,99.0,88.0,104.0
Kisumu,Household,small,100,100,483.0,298.8,836.0,190.0,106.75,334.8,273.5,146.8,507.8,0.5428571428571428,0.37142857142857144,0.7904761904761904,57.0,39.0,83.0,0.42857142857142855,0.29523809523809524,0.7047619047619048,45.0,31.0,74.0,0.49523809523809526,0.3333333333333333,0.7523809523809524,52.0,35.0,79.0
Ukunda,Household,small,100,100,3.494e3,2.306e3,4.896e3,1.458e3,904.5,2.146e3,1.965e3,1.226e3,2.86e3,1.0,0.8857142857142857,1.0,105.0,93.0,105.0,0.9238095238095239,0.8285714285714286,1.0,97.0,87.0,105.0,0.9523809523809523,0.8285714285714286,0.9904761904761905,100.0,87.0,104.0
Kisumu,Household,small,100,250,617.5,356.2,1.075e3,241.5,126.5,446.5,336.5,168.8,646.0,0.7047619047619048,0.45714285714285713,0.8857142857142857,74.0,48.0,93.0,0.5714285714285714,0.37142857142857144,0.8,60.0,39.0,84.0,0.6476190476190476,0.37142857142857144,0.8380952380952381,68.0,39.0,88.0
Ukunda,Household,small,100,250,3.588e3,2.418e3,4.96e3,1.526e3,967.0,2.204e3,2.0e3,1.284e3,2.86e3,0.9904761904761905,0.8857142857142857,1.0,104.0,93.0,105.0,0.9238095238095239,0.8380952380952381,1.0,97.0,88.0,105.0,0.9523809523809523,0.8380952380952381,0.9904761904761905,100.0,88.0,104.0
Kisumu,Household,both,25,1,541.5,291.2,1.102e3,199.5,98.5,445.0,299.0,143.8,672.0,0.7142857142857143,0.41904761904761906,1.0,75.0,44.0,105.0,0.6285714285714286,0.3333333333333333,1.0,66.0,35.0,105.0,0.6571428571428571,0.34285714285714286,1.0,69.0,36.0,105.0
Ukunda,Household,both,25,1,3.494e3,2.214e3,4.988e3,1.442e3,864.0,2.158e3,1.977e3,1.202e3,2.914e3,1.0,0.9238095238095239,1.0,105.0,97.0,105.0,0.9714285714285714,0.8476190476190476,1.0,102.0,89.0,105.0,0.9904761904761905,0.8571428571428571,0.9904761904761905,104.0,90.0,104.0
Kisumu,Household,both,25,50,560.5,310.8,1.096e3,215.5,111.75,456.8,307.0,156.0,649.0,0.6761904761904762,0.4095238095238095,1.0,71.0,43.0,105.0,0.6,0.3238095238095238,0.9809523809523809,63.0,34.0,103.0,0.6285714285714286,0.34285714285714286,0.9809523809523809,66.0,36.0,103.0
Ukunda,Household,both,25,50,3.474e3,2.294e3,4.85e3,1.462e3,899.0,2.118e3,1.948e3,1.234e3,2.818e3,1.0,0.9047619047619048,1.0,105.0,95.0,105.0,0.9333333333333333,0.8380952380952381,1.0,98.0,88.0,105.0,0.9619047619047619,0.8285714285714286,0.9904761904761905,101.0,87.0,104.0
Kisumu,Household,both,25,100,587.5,321.2,1.14e3,232.5,119.0,476.2,320.5,157.8,678.5,0.7047619047619048,0.41904761904761906,1.0,74.0,44.0,105.0,0.6476190476190476,0.3333333333333333,0.9904761904761905,68.0,35.0,104.0,0.6476190476190476,0.34285714285714286,1.0,68.0,36.0,105.0
Ukunda,Household,both,25,100,3.58e3,2.376e3,4.984e3,1.49e3,939.0,2.176e3,2.016e3,1.276e3,2.916e3,0.9904761904761905,0.8952380952380953,1.0,104.0,94.0,105.0,0.9428571428571428,0.8285714285714286,1.0,99.0,87.0,105.0,0.9523809523809523,0.8380952380952381,0.9904761904761905,100.0,88.0,104.0
Kisumu,Household,both,25,250,661.5,328.0,1.278e3,260.5,122.0,536.0,351.5,151.5,753.0,0.7904761904761904,0.47619047619047616,1.0,83.0,50.0,105.0,0.7238095238095238,0.3619047619047619,1.0,76.0,38.0,105.0,0.7333333333333333,0.3619047619047619,1.0,77.0,38.0,105.0
Ukunda,Household,both,25,250,3.628e3,2.4e3,5.056e3,1.541e3,979.0,2.242e3,2.017e3,1.269e3,2.908e3,0.9904761904761905,0.8857142857142857,1.0,104.0,93.0,105.0,0.9238095238095239,0.819047619047619,1.0,97.0,86.0,105.0,0.9428571428571428,0.819047619047619,0.9904761904761905,99.0,86.0,104.0
Kisumu,Household,both,50,1,381.0,229.2,717.0,128.5,66.0,257.8,232.0,124.5,460.5,0.49523809523809526,0.34285714285714286,0.8285714285714286,52.0,36.0,87.0,0.37142857142857144,0.24761904761904763,0.7238095238095238,39.0,26.0,76.0,0.42857142857142855,0.29523809523809524,0.7904761904761904,45.0,31.0,83.0
Ukunda,Household,both,50,1,2.79e3,1.676e3,4.11e3,1.058e3,589.0,1.642e3,1.662e3,956.0,2.53e3,1.0,0.8952380952380953,1.0,105.0,94.0,105.0,0.9523809523809523,0.8285714285714286,1.0,100.0,87.0,105.0,0.9714285714285714,0.8476190476190476,0.9904761904761905,102.0,89.0,104.0
Kisumu,Household,both,50,50,423.0,264.8,767.5,158.0,90.0,293.8,245.5,136.5,476.2,0.49523809523809526,0.34285714285714286,0.7904761904761904,52.0,36.0,83.0,0.38095238095238093,0.24761904761904763,0.7142857142857143,40.0,26.0,75.0,0.42857142857142855,0.29523809523809524,0.7619047619047619,45.0,31.0,80.0
Ukunda,Household,both,50,50,2.84e3,1.755e3,4.136e3,1.09e3,624.0,1.685e3,1.679e3,987.0,2.526e3,0.9714285714285714,0.8761904761904762,1.0,102.0,92.0,105.0,0.9142857142857143,0.8095238095238095,1.0,96.0,85.0,105.0,0.9428571428571428,0.819047619047619,0.9904761904761905,99.0,86.0,104.0
Kisumu,Household,both,50,100,473.0,288.2,829.0,181.0,104.0,325.2,261.5,138.2,505.0,0.5238095238095238,0.3619047619047619,0.8,55.0,38.0,84.0,0.41904761904761906,0.2761904761904762,0.6857142857142857,44.0,29.0,72.0,0.45714285714285713,0.3238095238095238,0.7523809523809524,48.0,34.0,79.0
Ukunda,Household,both,50,100,2.974e3,1.901e3,4.268e3,1.164e3,696.0,1.751e3,1.742e3,1.061e3,2.586e3,0.9904761904761905,0.8761904761904762,1.0,104.0,92.0,105.0,0.8952380952380953,0.8095238095238095,1.0,94.0,85.0,105.0,0.9428571428571428,0.819047619047619,0.9904761904761905,99.0,86.0,104.0
Kisumu,Household,both,50,250,589.0,322.0,1.068e3,228.0,118.75,440.8,316.0,156.8,642.0,0.6666666666666666,0.42857142857142855,0.9238095238095239,70.0,45.0,97.0,0.5619047619047619,0.34285714285714286,0.8095238095238095,59.0,36.0,85.0,0.6285714285714286,0.3619047619047619,0.8571428571428571,66.0,38.0,90.0
Ukunda,Household,both,50,250,3.34e3,2.138e3,4.72e3,1.368e3,833.0,2.006e3,1.891e3,1.161e3,2.782e3,0.9428571428571428,0.8571428571428571,1.0,99.0,90.0,105.0,0.8761904761904762,0.7904761904761904,0.9904761904761905,92.0,83.0,104.0,0.8952380952380953,0.8095238095238095,0.9904761904761905,94.0,85.0,104.0
Kisumu,Household,both,75,1,255.0,160.2,413.8,68.0,34.75,121.5,173.5,97.0,300.0,0.3619047619047619,0.2571428571428571,0.5142857142857142,38.0,27.0,54.0,0.23809523809523808,0.1523809523809524,0.3904761904761905,25.0,16.0,41.0,0.3238095238095238,0.23809523809523808,0.4857142857142857,34.0,25.0,51.0
Ukunda,Household,both,75,1,1.352e3,465.8,2.456e3,384.0,114.5,785.0,878.5,267.5,1.694e3,0.8857142857142857,0.5904761904761905,1.0,93.0,62.0,105.0,0.7904761904761904,0.4380952380952381,0.9714285714285714,83.0,46.0,102.0,0.8476190476190476,0.5619047619047619,0.9904761904761905,89.0,59.0,104.0
Kisumu,Household,both,75,50,379.0,243.5,568.5,129.0,79.75,206.0,232.5,135.8,376.8,0.4,0.3047619047619048,0.5523809523809524,42.0,32.0,58.0,0.29523809523809524,0.21904761904761905,0.41904761904761906,31.0,23.0,44.0,0.37142857142857144,0.2761904761904762,0.5047619047619047,39.0,29.0,53.0
Ukunda,Household,both,75,50,1.662e3,859.0,2.736e3,534.0,242.5,933.0,1.06e3,499.0,1.842e3,0.8666666666666667,0.6952380952380952,1.0,91.0,73.0,105.0,0.780952380952381,0.580952380952381,0.9523809523809523,82.0,61.0,100.0,0.819047619047619,0.638095238095238,0.9904761904761905,86.0,67.0,104.0
Kisumu,Household,both,75,100,442.5,289.0,684.0,165.5,102.75,257.5,254.0,152.8,437.5,0.4380952380952381,0.3333333333333333,0.6666666666666666,46.0,35.0,70.0,0.3238095238095238,0.2571428571428571,0.47619047619047616,34.0,27.0,50.0,0.4,0.3142857142857143,0.6095238095238096,42.0,33.0,64.0
Ukunda,Household,both,75,100,2.12e3,1.233e3,3.148e3,728.5,399.8,1.156e3,1.317e3,728.0,2.052e3,0.8761904761904762,0.7523809523809524,1.0,92.0,79.0,105.0,0.7714285714285715,0.6571428571428571,0.9333333333333333,81.0,69.0,98.0,0.8285714285714286,0.7142857142857143,0.9904761904761905,87.0,75.0,104.0
Kisumu,Household,both,75,250,546.0,324.5,916.0,218.5,122.0,368.2,305.0,152.8,563.5,0.5904761904761905,0.42857142857142855,0.7619047619047619,62.0,45.0,80.0,0.4666666666666667,0.3523809523809524,0.6666666666666666,49.0,37.0,70.0,0.5714285714285714,0.34285714285714286,0.7428571428571429,60.0,36.0,78.0
Ukunda,Household,both,75,250,2.908e3,1.94e3,4.05e3,1.146e3,732.5,1.648e3,1.702e3,1.073e3,2.466e3,0.8666666666666667,0.7904761904761904,1.0,91.0,83.0,105.0,0.780952380952381,0.7047619047619048,0.8761904761904762,82.0,74.0,92.0,0.8476190476190476,0.7619047619047619,0.9904761904761905,89.0,80.0,104.0
Kisumu,Household,both,100,1,168.0,110.0,254.5,26.0,16.0,41.0,136.0,83.0,219.0,0.23809523809523808,0.19047619047619047,0.3333333333333333,25.0,20.0,35.0,0.08571428571428572,0.05714285714285714,0.11428571428571428,9.0,6.0,12.0,0.23809523809523808,0.19047619047619047,0.3333333333333333,25.0,20.0,35.0
Ukunda,Household,both,100,1,227.5,109.5,415.5,37.0,22.0,55.0,184.5,74.75,364.5,0.3142857142857143,0.20952380952380953,0.42857142857142855,33.0,22.0,45.0,0.09523809523809523,0.06666666666666667,0.13333333333333333,10.0,7.0,14.0,0.3047619047619048,0.2,0.41904761904761906,32.0,21.0,44.0
Kisumu,Household,both,100,50,315.0,211.0,445.0,103.5,65.75,147.0,204.0,121.0,316.8,0.3142857142857143,0.2571428571428571,0.4,33.0,27.0,42.0,0.19047619047619047,0.17142857142857143,0.22857142857142856,20.0,18.0,24.0,0.3142857142857143,0.2571428571428571,0.4,33.0,27.0,42.0
Ukunda,Household,both,100,50,682.0,421.2,1.061e3,168.0,104.0,246.5,502.0,277.0,834.5,0.4380952380952381,0.34285714285714286,0.5904761904761905,46.0,36.0,62.0,0.22857142857142856,0.2,0.26666666666666666,24.0,21.0,28.0,0.42857142857142855,0.3333333333333333,0.580952380952381,45.0,35.0,61.0
Kisumu,Household,both,100,100,417.5,282.5,606.0,151.0,96.75,223.0,255.0,148.8,400.2,0.3904761904761905,0.3238095238095238,0.4666666666666667,41.0,34.0,49.0,0.2571428571428571,0.22857142857142856,0.2857142857142857,27.0,24.0,30.0,0.3904761904761905,0.3047619047619048,0.4666666666666667,41.0,32.0,49.0
Ukunda,Household,both,100,100,1.152e3,736.5,1.72e3,350.5,224.0,509.8,787.0,466.0,1.239e3,0.5523809523809524,0.4380952380952381,0.6952380952380952,58.0,46.0,73.0,0.3047619047619048,0.2857142857142857,0.34285714285714286,32.0,30.0,36.0,0.5428571428571428,0.42857142857142855,0.6857142857142857,57.0,45.0,72.0
Kisumu,Household,both,100,250,557.0,342.8,861.0,220.0,124.0,337.2,311.0,169.5,542.5,0.5238095238095238,0.42857142857142855,0.6476190476190476,55.0,45.0,68.0,0.42857142857142855,0.3619047619047619,0.47619047619047616,45.0,38.0,50.0,0.5142857142857142,0.3904761904761905,0.638095238095238,54.0,41.0,67.0
Ukunda,Household,both,100,250,2.496e3,1.671e3,3.424e3,945.0,616.0,1.309e3,1.515e3,953.0,2.172e3,0.7523809523809524,0.6571428571428571,0.819047619047619,79.0,69.0,86.0,0.5142857142857142,0.49523809523809526,0.5428571428571428,54.0,52.0,57.0,0.7428571428571429,0.6476190476190476,0.8095238095238095,78.0,68.0,85.0
Kisumu,Non-Household,big,25,1,565.0,306.5,1.178e3,236.5,114.75,520.0,294.5,136.0,660.0,0.7333333333333333,0.4380952380952381,1.0,77.0,46.0,105.0,0.6666666666666666,0.3333333333333333,1.0,70.0,35.0,105.0,0.6666666666666666,0.3333333333333333,1.0,70.0,35.0,105.0
Ukunda,Non-Household,big,25,1,3.072e3,1.795e3,4.5e3,1.39e3,775.0,2.124e3,1.588e3,871.0,2.468e3,1.0,0.9047619047619048,1.0,105.0,95.0,105.0,0.9619047619047619,0.8476190476190476,1.0,101.0,89.0,105.0,0.9809523809523809,0.8476190476190476,0.9904761904761905,103.0,89.0,104.0
Kisumu,Non-Household,big,25,50,603.5,308.5,1.237e3,247.0,120.0,549.0,316.0,147.2,721.5,0.7523809523809524,0.4,1.0,79.0,42.0,105.0,0.6761904761904762,0.3333333333333333,1.0,71.0,35.0,105.0,0.6761904761904762,0.3238095238095238,1.0,71.0,34.0,105.0
Ukunda,Non-Household,big,25,50,3.258e3,2.044e3,4.65e3,1.453e3,874.0,2.172e3,1.721e3,1.006e3,2.554e3,1.0,0.9047619047619048,1.0,105.0,95.0,105.0,0.9714285714285714,0.8380952380952381,1.0,102.0,88.0,105.0,0.9809523809523809,0.8380952380952381,0.9904761904761905,103.0,88.0,104.0
Kisumu,Non-Household,big,25,100,637.5,322.8,1.291e3,257.5,121.0,564.0,331.5,154.8,739.5,0.7904761904761904,0.45714285714285713,1.0,83.0,48.0,105.0,0.7238095238095238,0.3523809523809524,1.0,76.0,37.0,105.0,0.6857142857142857,0.3619047619047619,1.0,72.0,38.0,105.0
Ukunda,Non-Household,big,25,100,3.172e3,2.022e3,4.57e3,1.432e3,868.0,2.14e3,1.665e3,1.001e3,2.518e3,0.9904761904761905,0.8666666666666667,1.0,104.0,91.0,105.0,0.9333333333333333,0.819047619047619,1.0,98.0,86.0,105.0,0.9238095238095239,0.8095238095238095,0.9904761904761905,97.0,85.0,104.0
Kisumu,Non-Household,big,25,250,657.0,330.8,1.31e3,269.5,120.0,579.0,341.5,158.8,745.5,0.7904761904761904,0.45714285714285713,1.0,83.0,48.0,105.0,0.7238095238095238,0.3523809523809524,1.0,76.0,37.0,105.0,0.7238095238095238,0.34285714285714286,1.0,76.0,36.0,105.0
Ukunda,Non-Household,big,25,250,3.512e3,2.288e3,4.944e3,1.554e3,966.0,2.274e3,1.875e3,1.176e3,2.758e3,0.9904761904761905,0.8666666666666667,1.0,104.0,91.0,105.0,0.9142857142857143,0.8285714285714286,1.0,96.0,87.0,105.0,0.9238095238095239,0.819047619047619,0.9904761904761905,97.0,86.0,104.0
Kisumu,Non-Household,big,50,1,541.0,295.2,1.093e3,218.5,115.0,481.0,280.5,133.0,617.0,0.7333333333333333,0.4095238095238095,1.0,77.0,43.0,105.0,0.6285714285714286,0.3333333333333333,1.0,66.0,35.0,105.0,0.6571428571428571,0.3238095238095238,1.0,69.0,34.0,105.0
Ukunda,Non-Household,big,50,1,2.3e3,1.232e3,3.62e3,1.102e3,550.5,1.788e3,1.128e3,551.0,1.883e3,1.0,0.8857142857142857,1.0,105.0,93.0,105.0,0.9619047619047619,0.8285714285714286,1.0,101.0,87.0,105.0,0.9428571428571428,0.8,0.9904761904761905,99.0,84.0,104.0
Kisumu,Non-Household,big,50,50,555.0,308.5,1.048e3,223.0,114.0,467.5,288.0,138.8,598.0,0.7047619047619048,0.41904761904761906,1.0,74.0,44.0,105.0,0.6190476190476191,0.3238095238095238,0.9904761904761905,65.0,34.0,104.0,0.6285714285714286,0.3333333333333333,0.9904761904761905,66.0,35.0,104.0
Ukunda,Non-Household,big,50,50,2.388e3,1.344e3,3.658e3,1.13e3,607.5,1.807e3,1.182e3,601.0,1.926e3,0.9714285714285714,0.8476190476190476,1.0,102.0,89.0,105.0,0.9238095238095239,0.7904761904761904,1.0,97.0,83.0,105.0,0.8952380952380953,0.7619047619047619,0.9904761904761905,94.0,80.0,104.0
Kisumu,Non-Household,big,50,100,572.5,312.8,1.161e3,234.5,118.0,514.0,300.5,149.2,656.0,0.7333333333333333,0.41904761904761906,1.0,77.0,44.0,105.0,0.6571428571428571,0.34285714285714286,1.0,69.0,36.0,105.0,0.6476190476190476,0.34285714285714286,1.0,68.0,36.0,105.0
Ukunda,Non-Household,big,50,100,2.604e3,1.588e3,3.852e3,1.233e3,705.0,1.891e3,1.308e3,748.0,2.035e3,0.9428571428571428,0.8380952380952381,1.0,99.0,88.0,105.0,0.8857142857142857,0.8,1.0,93.0,84.0,105.0,0.8666666666666667,0.780952380952381,0.9904761904761905,91.0,82.0,104.0
Kisumu,Non-Household,big,50,250,631.5,326.5,1.274e3,259.5,125.0,559.0,332.5,155.0,728.0,0.7523809523809524,0.42857142857142855,1.0,79.0,45.0,105.0,0.6952380952380952,0.3619047619047619,1.0,73.0,38.0,105.0,0.6761904761904762,0.3523809523809524,1.0,71.0,37.0,105.0
Ukunda,Non-Household,big,50,250,3.13e3,2.072e3,4.444e3,1.428e3,891.0,2.11e3,1.648e3,1.029e3,2.41e3,0.9238095238095239,0.8380952380952381,1.0,97.0,88.0,105.0,0.8857142857142857,0.7904761904761904,0.9904761904761905,93.0,83.0,104.0,0.8571428571428571,0.780952380952381,0.9904761904761905,90.0,82.0,104.0
Kisumu,Non-Household,big,75,1,467.0,278.0,891.0,197.5,107.0,402.0,230.0,121.75,486.5,0.6095238095238096,0.3619047619047619,0.9428571428571428,64.0,38.0,99.0,0.4857142857142857,0.29523809523809524,0.8285714285714286,51.0,31.0,87.0,0.47619047619047616,0.26666666666666666,0.8,50.0,28.0,84.0
Ukunda,Non-Household,big,75,1,1.266e3,436.5,2.36e3,634.0,206.5,1.236e3,546.5,147.2,1.146e3,0.8857142857142857,0.580952380952381,1.0,93.0,61.0,105.0,0.8476190476190476,0.5047619047619047,1.0,89.0,53.0,105.0,0.8,0.4095238095238095,0.9904761904761905,84.0,43.0,104.0
Kisumu,Non-Household,big,75,50,494.5,292.8,927.0,208.5,115.25,407.8,252.0,138.2,511.2,0.6,0.3619047619047619,0.8952380952380953,63.0,38.0,94.0,0.5142857142857142,0.3142857142857143,0.8,54.0,33.0,84.0,0.5142857142857142,0.29523809523809524,0.8,54.0,31.0,84.0
Ukunda,Non-Household,big,75,50,1.707e3,876.0,2.748e3,851.5,413.5,1.42e3,786.0,360.2,1.354e3,0.9047619047619048,0.7238095238095238,1.0,95.0,76.0,105.0,0.8571428571428571,0.7047619047619048,1.0,90.0,74.0,105.0,0.8095238095238095,0.6571428571428571,0.9904761904761905,85.0,69.0,104.0
Kisumu,Non-Household,big,75,100,493.5,300.8,971.0,212.5,116.0,423.8,257.0,137.8,537.0,0.6,0.4,1.0,63.0,42.0,105.0,0.5333333333333333,0.3238095238095238,0.9047619047619048,56.0,34.0,95.0,0.5047619047619047,0.3142857142857143,0.8380952380952381,53.0,33.0,88.0
Ukunda,Non-Household,big,75,100,2.032e3,1.192e3,3.09e3,998.5,549.0,1.582e3,971.5,515.0,1.564e3,0.8857142857142857,0.7714285714285715,1.0,93.0,81.0,105.0,0.8380952380952381,0.7238095238095238,0.9904761904761905,88.0,76.0,104.0,0.8095238095238095,0.6952380952380952,0.9809523809523809,85.0,73.0,103.0
Kisumu,Non-Household,big,75,250,638.5,344.8,1.179e3,268.5,129.5,522.5,333.5,163.8,666.0,0.7333333333333333,0.45714285714285713,1.0,77.0,48.0,105.0,0.6857142857142857,0.3904761904761905,0.9809523809523809,72.0,41.0,103.0,0.6666666666666666,0.3619047619047619,1.0,70.0,38.0,105.0
Ukunda,Non-Household,big,75,250,2.86e3,1.879e3,4.008e3,1.328e3,829.0,1.949e3,1.464e3,908.0,2.134e3,0.8857142857142857,0.8,1.0,93.0,84.0,105.0,0.8476190476190476,0.7523809523809524,0.9714285714285714,89.0,79.0,102.0,0.819047619047619,0.7428571428571429,0.9428571428571428,86.0,78.0,99.0
Kisumu,Non-Household,big,100,1,382.0,236.5,673.0,170.5,93.0,313.5,187.5,103.0,357.5,0.4857142857142857,0.3238095238095238,0.780952380952381,51.0,34.0,82.0,0.38095238095238093,0.2761904761904762,0.7142857142857143,40.0,29.0,75.0,0.38095238095238093,0.2571428571428571,0.6857142857142857,40.0,27.0,72.0
Ukunda,Non-Household,big,100,1,389.0,175.0,1.011e3,219.5,93.75,571.0,131.5,42.0,420.8,0.5142857142857142,0.3142857142857143,0.8761904761904762,54.0,33.0,92.0,0.4666666666666667,0.29523809523809524,0.8285714285714286,49.0,31.0,87.0,0.3619047619047619,0.19047619047619047,0.780952380952381,38.0,20.0,82.0
Kisumu,Non-Household,big,100,50,433.5,273.2,700.5,188.5,112.0,328.2,222.0,124.75,390.2,0.4857142857142857,0.3619047619047619,0.7142857142857143,51.0,38.0,75.0,0.42857142857142855,0.3047619047619048,0.6666666666666666,45.0,32.0,70.0,0.4,0.26666666666666666,0.6476190476190476,42.0,28.0,68.0
Ukunda,Non-Household,big,100,50,1.0005e3,541.0,1.741e3,528.0,262.2,968.0,422.0,205.2,794.0,0.7333333333333333,0.5238095238095238,0.8952380952380953,77.0,55.0,94.0,0.7142857142857143,0.4857142857142857,0.8666666666666667,75.0,51.0,91.0,0.6571428571428571,0.3904761904761905,0.8,69.0,41.0,84.0
Kisumu,Non-Household,big,100,100,479.0,292.0,808.0,204.0,117.0,368.0,245.5,142.0,453.2,0.5428571428571428,0.3619047619047619,0.780952380952381,57.0,38.0,82.0,0.47619047619047616,0.3238095238095238,0.7238095238095238,50.0,34.0,76.0,0.4380952380952381,0.3047619047619048,0.7333333333333333,46.0,32.0,77.0
Ukunda,Non-Household,big,100,100,1.506e3,836.0,2.354e3,759.0,397.5,1.249e3,683.0,345.0,1.138e3,0.7904761904761904,0.6190476190476191,0.9142857142857143,83.0,65.0,96.0,0.7523809523809524,0.580952380952381,0.8761904761904762,79.0,61.0,92.0,0.7047619047619048,0.5333333333333333,0.8095238095238095,74.0,56.0,85.0
Kisumu,Non-Household,big,100,250,554.5,317.8,988.5,230.5,118.75,436.5,286.5,152.0,558.5,0.6571428571428571,0.41904761904761906,0.8857142857142857,69.0,44.0,93.0,0.6095238095238096,0.37142857142857144,0.8095238095238095,64.0,39.0,85.0,0.5619047619047619,0.3523809523809524,0.8,59.0,37.0,84.0
Ukunda,Non-Household,big,100,250,2.608e3,1.737e3,3.636e3,1.233e3,784.0,1.794e3,1.31e3,819.0,1.907e3,0.819047619047619,0.7333333333333333,0.9238095238095239,86.0,77.0,97.0,0.780952380952381,0.6952380952380952,0.8761904761904762,82.0,73.0,92.0,0.7523809523809524,0.6761904761904762,0.8380952380952381,79.0,71.0,88.0
Kisumu,Non-Household,small,25,1,427.5,251.0,851.5,184.5,101.0,389.8,209.0,103.0,464.5,0.5904761904761905,0.3619047619047619,0.9142857142857143,62.0,38.0,96.0,0.49523809523809526,0.3238095238095238,0.8476190476190476,52.0,34.0,89.0,0.4666666666666667,0.2857142857142857,0.8095238095238095,49.0,30.0,85.0
Ukunda,Non-Household,small,25,1,3.324e3,2.104e3,4.77e3,1.478e3,891.5,2.204e3,1.778e3,1.056e3,2.656e3,1.0,0.9047619047619048,1.0,105.0,95.0,105.0,0.9428571428571428,0.8285714285714286,1.0,99.0,87.0,105.0,0.9619047619047619,0.8285714285714286,0.9904761904761905,101.0,87.0,104.0
Kisumu,Non-Household,small,25,50,487.5,289.8,912.0,207.5,110.0,411.2,249.0,136.8,511.5,0.6095238095238096,0.3904761904761905,0.8666666666666667,64.0,41.0,91.0,0.49523809523809526,0.3142857142857143,0.8380952380952381,52.0,33.0,88.0,0.4666666666666667,0.3142857142857143,0.7904761904761904,49.0,33.0,83.0
Ukunda,Non-Household,small,25,50,3.392e3,2.202e3,4.824e3,1.508e3,922.5,2.236e3,1.812e3,1.11e3,2.672e3,0.9904761904761905,0.8857142857142857,1.0,104.0,93.0,105.0,0.9333333333333333,0.8476190476190476,1.0,98.0,89.0,105.0,0.9333333333333333,0.819047619047619,0.9904761904761905,98.0,86.0,104.0
Kisumu,Non-Household,small,25,100,515.5,310.8,962.0,215.5,118.75,428.0,268.5,146.0,531.5,0.5904761904761905,0.4,0.9523809523809523,62.0,42.0,100.0,0.5047619047619047,0.3238095238095238,0.8571428571428571,53.0,34.0,90.0,0.49523809523809526,0.3142857142857143,0.8285714285714286,52.0,33.0,87.0
Ukunda,Non-Household,small,25,100,3.402e3,2.21e3,4.788e3,1.51e3,937.5,2.212e3,1.818e3,1.116e3,2.662e3,1.0,0.8761904761904762,1.0,105.0,92.0,105.0,0.9428571428571428,0.8380952380952381,1.0,99.0,88.0,105.0,0.9523809523809523,0.819047619047619,0.9904761904761905,100.0,86.0,104.0
Kisumu,Non-Household,small,25,250,665.0,338.0,1.217e3,270.5,127.75,543.0,352.5,162.0,683.0,0.7428571428571429,0.4857142857142857,1.0,78.0,51.0,105.0,0.6857142857142857,0.4,1.0,72.0,42.0,105.0,0.6761904761904762,0.37142857142857144,1.0,71.0,39.0,105.0
Ukunda,Non-Household,small,25,250,3.562e3,2.326e3,5.024e3,1.568e3,979.0,2.298e3,1.922e3,1.205e3,2.804e3,0.9904761904761905,0.8857142857142857,1.0,104.0,93.0,105.0,0.9333333333333333,0.8380952380952381,1.0,98.0,88.0,105.0,0.9333333333333333,0.8095238095238095,0.9904761904761905,98.0,85.0,104.0
Kisumu,Non-Household,small,50,1,311.0,195.5,528.0,142.0,80.75,252.2,146.0,78.5,267.5,0.4,0.29523809523809524,0.6666666666666666,42.0,31.0,70.0,0.34285714285714286,0.24761904761904763,0.6095238095238096,36.0,26.0,64.0,0.3238095238095238,0.22857142857142856,0.6,34.0,24.0,63.0
Ukunda,Non-Household,small,50,1,2.768e3,1.658e3,4.12e3,1.273e3,714.0,1.974e3,1.411e3,790.0,2.21e3,0.9904761904761905,0.8761904761904762,1.0,104.0,92.0,105.0,0.9428571428571428,0.8285714285714286,1.0,99.0,87.0,105.0,0.9238095238095239,0.8,0.9904761904761905,97.0,84.0,104.0
Kisumu,Non-Household,small,50,50,400.5,257.0,657.5,184.5,102.75,320.2,199.5,116.75,351.2,0.45714285714285713,0.3333333333333333,0.7238095238095238,48.0,35.0,76.0,0.4095238095238095,0.2857142857142857,0.6666666666666666,43.0,30.0,70.0,0.3619047619047619,0.2571428571428571,0.638095238095238,38.0,27.0,67.0
Ukunda,Non-Household,small,50,50,2.866e3,1.802e3,4.13e3,1.308e3,776.0,1.984e3,1.47e3,866.0,2.216e3,0.9904761904761905,0.8761904761904762,1.0,104.0,92.0,105.0,0.9238095238095239,0.8095238095238095,1.0,97.0,85.0,105.0,0.9333333333333333,0.8095238095238095,0.9904761904761905,98.0,85.0,104.0
Kisumu,Non-Household,small,50,100,461.0,277.5,773.0,196.0,110.5,357.5,243.0,129.0,420.8,0.5047619047619047,0.3619047619047619,0.7428571428571429,53.0,38.0,78.0,0.45714285714285713,0.3047619047619048,0.6857142857142857,48.0,32.0,72.0,0.41904761904761906,0.2761904761904762,0.6666666666666666,44.0,29.0,70.0
Ukunda,Non-Household,small,50,100,3.028e3,1.941e3,4.29e3,1.38e3,843.0,2.056e3,1.564e3,949.0,2.32e3,0.9523809523809523,0.8380952380952381,1.0,100.0,88.0,105.0,0.9047619047619048,0.8,1.0,95.0,84.0,105.0,0.8761904761904762,0.780952380952381,0.9904761904761905,92.0,82.0,104.0
Kisumu,Non-Household,small,50,250,561.5,319.5,958.0,231.0,118.75,430.5,289.0,150.2,537.0,0.6285714285714286,0.42857142857142855,0.819047619047619,66.0,45.0,86.0,0.5714285714285714,0.3523809523809524,0.7523809523809524,60.0,37.0,79.0,0.5333333333333333,0.3238095238095238,0.7428571428571429,56.0,34.0,78.0
Ukunda,Non-Household,small,50,250,3.264e3,2.13e3,4.624e3,1.465e3,922.0,2.152e3,1.719e3,1.063e3,2.55e3,0.9428571428571428,0.8285714285714286,1.0,99.0,87.0,105.0,0.8761904761904762,0.8,1.0,92.0,84.0,105.0,0.8666666666666667,0.7714285714285715,0.9904761904761905,91.0,81.0,104.0
Kisumu,Non-Household,small,75,1,243.0,155.8,379.2,121.5,71.0,201.2,106.5,54.75,187.2,0.3333333333333333,0.24761904761904763,0.4666666666666667,35.0,26.0,49.0,0.2857142857142857,0.20952380952380953,0.41904761904761906,30.0,22.0,44.0,0.2571428571428571,0.1619047619047619,0.3619047619047619,27.0,17.0,38.0
Ukunda,Non-Household,small,75,1,2.244e3,1.235e3,3.41e3,1.063e3,557.0,1.708e3,1.096e3,560.0,1.771e3,0.9619047619047619,0.8285714285714286,1.0,101.0,87.0,105.0,0.9142857142857143,0.7904761904761904,1.0,96.0,83.0,105.0,0.8857142857142857,0.7619047619047619,0.9904761904761905,93.0,80.0,104.0
Kisumu,Non-Household,small,75,50,369.5,238.0,561.0,171.5,97.0,280.0,179.0,102.5,298.0,0.4095238095238095,0.3047619047619048,0.5333333333333333,43.0,32.0,56.0,0.3523809523809524,0.2571428571428571,0.5142857142857142,37.0,27.0,54.0,0.3142857142857143,0.22857142857142856,0.45714285714285713,33.0,24.0,48.0
Ukunda,Non-Household,small,75,50,2.39e3,1.422e3,3.656e3,1.144e3,638.0,1.8e3,1.182e3,656.0,1.907e3,0.9523809523809523,0.8285714285714286,1.0,100.0,87.0,105.0,0.9142857142857143,0.780952380952381,1.0,96.0,82.0,105.0,0.8666666666666667,0.7619047619047619,0.9904761904761905,91.0,80.0,104.0
Kisumu,Non-Household,small,75,100,447.0,300.0,677.0,199.5,116.75,323.5,228.5,139.5,366.8,0.4666666666666667,0.3333333333333333,0.638095238095238,49.0,35.0,67.0,0.4095238095238095,0.3047619047619048,0.6,43.0,32.0,63.0,0.3619047619047619,0.2761904761904762,0.5238095238095238,38.0,29.0,55.0
Ukunda,Non-Household,small,75,100,2.558e3,1.594e3,3.72e3,1.207e3,708.5,1.829e3,1.272e3,754.0,1.963e3,0.9238095238095239,0.8,1.0,97.0,84.0,105.0,0.8666666666666667,0.7714285714285715,1.0,91.0,81.0,105.0,0.8476190476190476,0.7523809523809524,0.9904761904761905,89.0,79.0,104.0
Kisumu,Non-Household,small,75,250,545.5,323.2,891.0,225.5,117.0,410.8,282.5,154.0,497.5,0.5619047619047619,0.41904761904761906,0.7428571428571429,59.0,44.0,78.0,0.5047619047619047,0.34285714285714286,0.6952380952380952,53.0,36.0,73.0,0.47619047619047616,0.3523809523809524,0.6666666666666666,50.0,37.0,70.0
Ukunda,Non-Household,small,75,250,3.038e3,2.027e3,4.236e3,1.397e3,870.0,2.042e3,1.572e3,1.001e3,2.294e3,0.8952380952380953,0.8,1.0,94.0,84.0,105.0,0.8476190476190476,0.7714285714285715,0.9619047619047619,89.0,81.0,101.0,0.8285714285714286,0.7523809523809524,0.9523809523809523,87.0,79.0,100.0
Kisumu,Non-Household,small,100,1,207.0,140.5,313.2,113.0,65.0,175.0,84.0,45.75,146.2,0.2857142857142857,0.20952380952380953,0.3904761904761905,30.0,22.0,41.0,0.2571428571428571,0.19047619047619047,0.34285714285714286,27.0,20.0,36.0,0.2,0.13333333333333333,0.29523809523809524,21.0,14.0,31.0
Ukunda,Non-Household,small,100,1,1.806e3,979.0,2.824e3,890.5,445.2,1.454e3,848.0,400.0,1.404e3,0.9428571428571428,0.7904761904761904,1.0,99.0,83.0,105.0,0.8857142857142857,0.7619047619047619,1.0,93.0,80.0,105.0,0.8380952380952381,0.7238095238095238,0.9904761904761905,88.0,76.0,104.0
Kisumu,Non-Household,small,100,50,338.5,227.0,489.8,160.0,92.75,249.2,158.0,94.0,256.5,0.3523809523809524,0.2857142857142857,0.4666666666666667,37.0,30.0,49.0,0.3238095238095238,0.23809523809523808,0.42857142857142855,34.0,25.0,45.0,0.2857142857142857,0.20952380952380953,0.37142857142857144,30.0,22.0,39.0
Ukunda,Non-Household,small,100,50,1.972e3,1.118e3,3.052e3,963.0,502.5,1.556e3,950.5,483.8,1.558e3,0.8857142857142857,0.7714285714285715,1.0,93.0,81.0,105.0,0.8571428571428571,0.7333333333333333,1.0,90.0,77.0,105.0,0.8095238095238095,0.6952380952380952,0.9904761904761905,85.0,73.0,104.0
Kisumu,Non-Household,small,100,100,438.0,287.8,654.0,197.5,117.0,314.0,227.5,135.8,355.2,0.42857142857142855,0.3238095238095238,0.5428571428571428,45.0,34.0,57.0,0.3904761904761905,0.3047619047619048,0.49523809523809526,41.0,32.0,52.0,0.34285714285714286,0.2571428571428571,0.44761904761904764,36.0,27.0,47.0
Ukunda,Non-Household,small,100,100,2.202e3,1.32e3,3.268e3,1.053e3,597.0,1.645e3,1.077e3,591.0,1.676e3,0.8666666666666667,0.7523809523809524,0.9904761904761905,91.0,79.0,104.0,0.8380952380952381,0.7142857142857143,0.9619047619047619,88.0,75.0,101.0,0.7904761904761904,0.6857142857142857,0.9238095238095239,83.0,72.0,97.0
Kisumu,Non-Household,small,100,250,537.5,324.5,822.5,225.5,120.0,388.5,278.5,154.8,457.5,0.5428571428571428,0.4380952380952381,0.6571428571428571,57.0,46.0,69.0,0.5142857142857142,0.3619047619047619,0.6476190476190476,54.0,38.0,68.0,0.47619047619047616,0.3523809523809524,0.580952380952381,50.0,37.0,61.0
Ukunda,Non-Household,small,100,250,2.796e3,1.78e3,3.968e3,1.296e3,789.0,1.922e3,1.428e3,864.5,2.116e3,0.8761904761904762,0.7714285714285715,0.9904761904761905,92.0,81.0,104.0,0.8285714285714286,0.7333333333333333,0.9523809523809523,87.0,77.0,100.0,0.8,0.7238095238095238,0.9142857142857143,84.0,76.0,96.0
Kisumu,Non-Household,both,25,1,380.0,221.0,743.0,168.0,90.0,335.5,187.5,95.0,400.8,0.4857142857142857,0.34285714285714286,0.8857142857142857,51.0,36.0,93.0,0.4095238095238095,0.26666666666666666,0.780952380952381,43.0,28.0,82.0,0.4095238095238095,0.2571428571428571,0.7619047619047619,43.0,27.0,80.0
Ukunda,Non-Household,both,25,1,2.64e3,1.554e3,3.94e3,1.221e3,678.0,1.914e3,1.33e3,727.0,2.094e3,0.9904761904761905,0.8761904761904762,1.0,104.0,92.0,105.0,0.9428571428571428,0.8476190476190476,1.0,99.0,89.0,105.0,0.9428571428571428,0.819047619047619,0.9904761904761905,99.0,86.0,104.0
Kisumu,Non-Household,both,25,50,469.5,275.8,879.0,197.0,110.75,398.8,234.0,123.0,485.0,0.5904761904761905,0.3904761904761905,0.8761904761904762,62.0,41.0,92.0,0.4857142857142857,0.3142857142857143,0.8,51.0,33.0,84.0,0.45714285714285713,0.2761904761904762,0.780952380952381,48.0,29.0,82.0
Ukunda,Non-Household,both,25,50,2.78e3,1.754e3,4.012e3,1.285e3,766.5,1.943e3,1.411e3,841.0,2.142e3,0.9904761904761905,0.8666666666666667,1.0,104.0,91.0,105.0,0.9238095238095239,0.8095238095238095,1.0,97.0,85.0,105.0,0.9142857142857143,0.8095238095238095,0.9904761904761905,96.0,85.0,104.0
Kisumu,Non-Household,both,25,100,507.5,299.0,950.5,211.5,118.5,426.8,261.0,141.5,532.0,0.580952380952381,0.38095238095238093,0.8952380952380953,61.0,40.0,94.0,0.49523809523809526,0.3238095238095238,0.8095238095238095,52.0,34.0,85.0,0.5047619047619047,0.3142857142857143,0.8,53.0,33.0,84.0
Ukunda,Non-Household,both,25,100,2.758e3,1.697e3,4.042e3,1.28e3,735.0,1.949e3,1.405e3,803.0,2.158e3,0.9428571428571428,0.8285714285714286,1.0,99.0,87.0,105.0,0.9047619047619048,0.7904761904761904,1.0,95.0,83.0,105.0,0.8761904761904762,0.7714285714285715,0.9904761904761905,92.0,81.0,104.0
Kisumu,Non-Household,both,25,250,627.0,345.8,1.138e3,258.5,128.8,510.0,335.0,163.8,637.0,0.7428571428571429,0.4857142857142857,1.0,78.0,51.0,105.0,0.6666666666666666,0.4,0.9047619047619048,70.0,42.0,95.0,0.6666666666666666,0.38095238095238093,0.8761904761904762,70.0,40.0,92.0
Ukunda,Non-Household,both,25,250,3.232e3,2.106e3,4.56e3,1.468e3,908.0,2.15e3,1.699e3,1.046e3,2.506e3,0.9523809523809523,0.8476190476190476,1.0,100.0,89.0,105.0,0.8952380952380953,0.8,1.0,94.0,84.0,105.0,0.8761904761904762,0.780952380952381,0.9904761904761905,92.0,82.0,104.0
Kisumu,Non-Household,both,50,1,279.5,179.8,451.0,136.5,75.75,222.8,127.0,66.0,222.8,0.3619047619047619,0.26666666666666666,0.5714285714285714,38.0,28.0,60.0,0.3238095238095238,0.21904761904761905,0.47619047619047616,34.0,23.0,50.0,0.2857142857142857,0.19047619047619047,0.4380952380952381,30.0,20.0,46.0
Ukunda,Non-Household,both,50,1,947.0,359.5,1.87e3,485.5,174.0,1.002e3,396.5,121.0,883.0,0.8095238095238095,0.5142857142857142,0.9904761904761905,85.0,54.0,104.0,0.7904761904761904,0.45714285714285713,0.9714285714285714,83.0,48.0,102.0,0.7428571428571429,0.34285714285714286,0.8952380952380953,78.0,36.0,94.0
Kisumu,Non-Household,both,50,50,378.5,243.0,576.0,175.0,102.75,284.2,190.5,107.5,308.0,0.41904761904761906,0.3142857142857143,0.5523809523809524,44.0,33.0,58.0,0.37142857142857144,0.26666666666666666,0.5238095238095238,39.0,28.0,55.0,0.3333333333333333,0.2571428571428571,0.47619047619047616,35.0,27.0,50.0
Ukunda,Non-Household,both,50,50,1.318e3,677.0,2.204e3,668.0,314.8,1.168e3,591.5,263.0,1.058e3,0.819047619047619,0.6476190476190476,1.0,86.0,68.0,105.0,0.8,0.6,0.9619047619047619,84.0,63.0,101.0,0.7333333333333333,0.5428571428571428,0.9333333333333333,77.0,57.0,98.0
Kisumu,Non-Household,both,50,100,430.5,271.8,680.0,187.0,109.5,322.8,218.0,122.5,367.5,0.45714285714285713,0.3333333333333333,0.6666666666666666,48.0,35.0,70.0,0.4,0.3047619047619048,0.6190476190476191,42.0,32.0,65.0,0.3619047619047619,0.26666666666666666,0.5619047619047619,38.0,28.0,59.0
Ukunda,Non-Household,both,50,100,1.748e3,1.024e3,2.698e3,876.5,472.2,1.404e3,822.0,435.2,1.337e3,0.8285714285714286,0.7047619047619048,0.9523809523809523,87.0,74.0,100.0,0.8,0.6571428571428571,0.9238095238095239,84.0,69.0,97.0,0.7428571428571429,0.6095238095238096,0.8857142857142857,78.0,64.0,93.0
Kisumu,Non-Household,both,50,250,571.0,336.0,940.0,239.0,125.75,433.8,297.0,154.5,528.0,0.6190476190476191,0.45714285714285713,0.7714285714285715,65.0,48.0,81.0,0.5619047619047619,0.37142857142857144,0.7333333333333333,59.0,39.0,77.0,0.5047619047619047,0.3619047619047619,0.7047619047619048,53.0,38.0,74.0
Ukunda,Non-Household,both,50,250,2.588e3,1.686e3,3.648e3,1.212e3,752.0,1.795e3,1.308e3,796.0,1.933e3,0.819047619047619,0.7428571428571429,0.9333333333333333,86.0,78.0,98.0,0.7904761904761904,0.7047619047619048,0.9047619047619048,83.0,74.0,95.0,0.7619047619047619,0.6761904761904762,0.8761904761904762,80.0,71.0,92.0
Kisumu,Non-Household,both,75,1,188.0,127.5,281.0,101.5,60.0,163.0,77.5,42.0,126.0,0.2571428571428571,0.2,0.34285714285714286,27.0,21.0,36.0,0.23809523809523808,0.17142857142857143,0.3238095238095238,25.0,18.0,34.0,0.19047619047619047,0.13333333333333333,0.2571428571428571,20.0,14.0,27.0
Ukunda,Non-Household,both,75,1,261.5,136.5,482.0,158.5,78.0,305.2,77.0,26.75,176.5,0.3523809523809524,0.24761904761904763,0.5142857142857142,37.0,26.0,54.0,0.3238095238095238,0.21904761904761905,0.4857142857142857,34.0,23.0,51.0,0.22857142857142856,0.11428571428571428,0.3523809523809524,24.0,12.0,37.0
Kisumu,Non-Household,both,75,50,322.5,211.5,460.2,152.0,93.0,236.5,156.0,90.0,242.0,0.3333333333333333,0.26666666666666666,0.42857142857142855,35.0,28.0,45.0,0.3047619047619048,0.23809523809523808,0.4095238095238095,32.0,25.0,43.0,0.2571428571428571,0.19047619047619047,0.3333333333333333,27.0,20.0,35.0
Ukunda,Non-Household,both,75,50,697.5,410.5,1.109e3,382.0,209.5,644.5,277.5,146.0,481.5,0.4857142857142857,0.38095238095238093,0.638095238095238,51.0,40.0,67.0,0.4666666666666667,0.3523809523809524,0.6095238095238096,49.0,37.0,64.0,0.37142857142857144,0.26666666666666666,0.5333333333333333,39.0,28.0,56.0
Kisumu,Non-Household,both,75,100,419.0,280.8,614.0,190.5,112.0,294.2,215.0,129.0,329.8,0.3904761904761905,0.3238095238095238,0.49523809523809526,41.0,34.0,52.0,0.3619047619047619,0.29523809523809524,0.47619047619047616,38.0,31.0,50.0,0.3142857142857143,0.24761904761904763,0.4095238095238095,33.0,26.0,43.0
Ukunda,Non-Household,both,75,100,1.154e3,720.0,1.722e3,607.5,352.8,942.0,507.0,291.0,807.0,0.5619047619047619,0.4666666666666667,0.6666666666666666,59.0,49.0,70.0,0.5428571428571428,0.4380952380952381,0.6571428571428571,57.0,46.0,69.0,0.44761904761904764,0.34285714285714286,0.6095238095238096,47.0,36.0,64.0
Kisumu,Non-Household,both,75,250,537.0,317.8,825.5,227.5,121.0,380.8,276.5,150.5,457.5,0.5523809523809524,0.42857142857142855,0.6571428571428571,58.0,45.0,69.0,0.49523809523809526,0.3619047619047619,0.6285714285714286,52.0,38.0,66.0,0.4380952380952381,0.3523809523809524,0.580952380952381,46.0,37.0,61.0
Ukunda,Non-Household,both,75,250,2.272e3,1.525e3,3.162e3,1.106e3,707.0,1.593e3,1.123e3,695.5,1.635e3,0.7142857142857143,0.638095238095238,0.8,75.0,67.0,84.0,0.6952380952380952,0.6095238095238096,0.7714285714285715,73.0,64.0,81.0,0.638095238095238,0.5523809523809524,0.7238095238095238,67.0,58.0,76.0
Kisumu,Non-Household,both,100,1,140.5,99.0,197.0,83.5,50.75,127.25,48.5,26.0,74.25,0.2,0.1619047619047619,0.2571428571428571,21.0,17.0,27.0,0.19047619047619047,0.14285714285714285,0.24761904761904763,20.0,15.0,26.0,0.12380952380952381,0.09523809523809523,0.1523809523809524,13.0,10.0,16.0
Ukunda,Non-Household,both,100,1,126.0,77.0,200.0,95.5,54.0,153.0,22.0,9.0,51.0,0.19047619047619047,0.13333333333333333,0.24761904761904763,20.0,14.0,26.0,0.19047619047619047,0.13333333333333333,0.24761904761904763,20.0,14.0,26.0,0.09523809523809523,0.05714285714285714,0.12380952380952381,10.0,6.0,13.0
Kisumu,Non-Household,both,100,50,282.5,199.8,385.2,137.5,86.5,210.0,130.0,85.5,192.0,0.26666666666666666,0.21904761904761905,0.3238095238095238,28.0,23.0,34.0,0.2571428571428571,0.21904761904761905,0.3238095238095238,27.0,23.0,34.0,0.2,0.17142857142857143,0.22857142857142856,21.0,18.0,24.0
Ukunda,Non-Household,both,100,50,447.0,291.5,652.0,261.5,153.8,410.8,170.5,102.0,268.2,0.3238095238095238,0.2761904761904762,0.38095238095238093,34.0,29.0,40.0,0.3238095238095238,0.26666666666666666,0.38095238095238093,34.0,28.0,40.0,0.2,0.17142857142857143,0.24761904761904763,21.0,18.0,26.0
Kisumu,Non-Household,both,100,100,392.5,265.0,542.0,178.0,107.75,268.2,200.0,126.25,294.2,0.3333333333333333,0.2857142857142857,0.3904761904761905,35.0,30.0,41.0,0.3238095238095238,0.26666666666666666,0.38095238095238093,34.0,28.0,40.0,0.2571428571428571,0.22857142857142856,0.3047619047619048,27.0,24.0,32.0
Ukunda,Non-Household,both,100,100,930.5,589.5,1.324e3,501.0,293.8,740.0,405.0,242.5,603.5,0.41904761904761906,0.3619047619047619,0.47619047619047616,44.0,38.0,50.0,0.4095238095238095,0.3619047619047619,0.47619047619047616,43.0,38.0,50.0,0.29523809523809524,0.26666666666666666,0.3333333333333333,31.0,28.0,35.0
Kisumu,Non-Household,both,100,250,547.0,336.8,813.5,235.0,128.5,378.0,290.5,165.5,460.5,0.5047619047619047,0.41904761904761906,0.5619047619047619,53.0,44.0,59.0,0.49523809523809526,0.37142857142857144,0.5619047619047619,52.0,39.0,59.0,0.4380952380952381,0.3619047619047619,0.4857142857142857,46.0,38.0,51.0
Ukunda,Non-Household,both,100,250,2.116e3,1.456e3,2.832e3,1.032e3,676.5,1.445e3,1.046e3,680.5,1.449e3,0.5904761904761905,0.5523809523809524,0.6476190476190476,62.0,58.0,68.0,0.5904761904761905,0.5428571428571428,0.6476190476190476,62.0,57.0,68.0,0.49523809523809526,0.4666666666666667,0.5238095238095238,52.0,49.0,55.0
Kisumu,None,None,0,0,783.5,350.2,1.558e3,310.0,130.5,676.5,418.0,167.2,907.0,0.9428571428571428,0.5142857142857142,1.0,99.0,54.0,105.0,0.8285714285714286,0.3904761904761905,1.0,87.0,41.0,105.0,0.819047619047619,0.4,1.0,86.0,42.0,105.0
Ukunda,None,None,0,0,3.972e3,2.68e3,5.444e3,1.706e3,1.095e3,2.436e3,2.2e3,1.423e3,3.126e3,0.9904761904761905,0.8952380952380953,1.0,104.0,94.0,105.0,0.9333333333333333,0.8380952380952381,1.0,98.0,88.0,105.0,0.9523809523809523,0.8380952380952381,0.9904761904761905,100.0,88.0,104.0
